{
  "item": {
    "id": 3001989,
    "name": "CR APIP DEMO",
    "grade": null,
    "status": 3000152,
    "user_id": 1,
    "version": 1,
    "grade_id": null,
    "is_locked": false,
    "item_json": {
      "uuid": "19e24d60-5732-43a5-8377-42d3ea8f5b7b",
      "stemContent": "<p id=\"stem_1\"><span class=\"constructedResponse-placeholder placeholder\" data=\"Lake Michigan\" id=\"19e24d60-5732-43a5-8377-42d3ea8f5b7c\" style=\"width:13ch;text-align:center;color:black;background-color:greenyellow;border:1px solid grey;border-radius:5px\">Canada</span><span id=\"cp_3ppr6g4cw\"> and the United States share 4 out of the 5 Great Lakes in central North America.</span></p><p id=\"prompt_1\">Which lake is entirely within the <span id=\"cp_wrcv6c7cn\">boundaries</span> of the United States?</p><p id=\"response_1\">\n         Type your answer here:\n         <span class=\"constructedResponse-placeholder placeholder\" data=\"Lake Michigan\" id=\"19e24d60-5732-43a5-8377-42d3ea8f5b7d\" style=\"width:13ch;text-align:center;color:black;background-color:greenyellow;border:1px solid grey;border-radius:5px\">Lake Michigan</span></p>",
      "itemTypeCode": "CR",
      "minItemWidth": 0,
      "minItemHeight": 0,
      "optionList": [
        {
          "id": "19e24d60-5732-43a5-8377-42d3ea8f5b7c",
          "index": 0,
          "maxFieldSize": 15,
          "responseName": "Response 1",
          "responseType": "AlphaNumeric",
          "caseSensitive": false,
          "maxCharacters": 13
        },
        {
          "id": "19e24d60-5732-43a5-8377-42d3ea8f5b7d",
          "index": 1,
          "maxFieldSize": 15,
          "responseName": "Response 2",
          "responseType": "AlphaNumeric",
          "caseSensitive": false,
          "maxCharacters": 13
        }
      ],
      "correctResponse": [
        {
          "id": "19e24d60-5732-43a5-8377-42d3ea8f5b7c",
          "value": "Canada",
          "acceptableValues": [
            { "id": "123", "value": "Canada" },
            { "id": "124", "value": "canada" }
          ]
        },
        {
          "id": "19e24d60-5732-43a5-8377-42d3ea8f5b7d",
          "value": "Lake Michigan",
          "acceptableValues": [
            { "id": "123", "value": "lake michigan" },
            { "id": "124", "value": "lake Michigan" },
            { "id": "125", "value": "Lake michigan" },
            { "id": "126", "value": "Michigan" },
            { "id": "127", "value": "michigan" }
          ]
        }
      ]
    },
    "max_score": 1,
    "rationale": {
      "optionList": [
        { "id": "19e24d60-5732-43a5-8377-42d3ea8f5b7c", "rationaleText": "" },
        { "id": "19e24d60-5732-43a5-8377-42d3ea8f5b7d", "rationaleText": "" }
      ],
      "optionRationales": []
    },
    "description": "",
    "previous_id": null,
    "content_area": null,
    "created_date": "2021-12-03T12:54:49.696605+00:00",
    "created_user": "User One",
    "item_type_id": 3000087,
    "scoring_data": {
      "correctResponse": {
        "score": 1,
        "responses": [
          {
            "type": "correct",
            "index": 0,
            "value": "Lake Michigan",
            "responseName": "Response 1"
          },
          {
            "type": "acceptable",
            "index": 0,
            "value": "lake michigan",
            "responseName": "Response 1"
          },
          {
            "type": "acceptable",
            "index": 0,
            "value": "lake Michigan",
            "responseName": "Response 1"
          },
          {
            "type": "acceptable",
            "index": 0,
            "value": "Lake michigan",
            "responseName": "Response 1"
          },
          {
            "type": "acceptable",
            "index": 0,
            "value": "Michigan",
            "responseName": "Response 1"
          },
          {
            "type": "acceptable",
            "index": 0,
            "value": "michigan",
            "responseName": "Response 1"
          }
        ]
      },
      "partialResponse": [
        {
          "type": "correct",
          "index": 0,
          "quota": "-1",
          "score": 1,
          "value": "Lake Michigan",
          "responseName": "Response 1",
          "correctResponseFlag": true
        },
        {
          "type": "acceptable",
          "index": 0,
          "quota": "-1",
          "score": 1,
          "value": "lake michigan",
          "responseName": "Response 1",
          "correctResponseFlag": true
        },
        {
          "type": "acceptable",
          "index": 0,
          "quota": "-1",
          "score": 1,
          "value": "lake Michigan",
          "responseName": "Response 1",
          "correctResponseFlag": true
        },
        {
          "type": "acceptable",
          "index": 0,
          "quota": "-1",
          "score": 1,
          "value": "Lake michigan",
          "responseName": "Response 1",
          "correctResponseFlag": true
        },
        {
          "type": "acceptable",
          "index": 0,
          "quota": "-1",
          "score": 0.5,
          "value": "Michigan",
          "responseName": "Response 1",
          "correctResponseFlag": true
        },
        {
          "type": "acceptable",
          "index": 0,
          "quota": "-1",
          "score": 0.5,
          "value": "michigan",
          "responseName": "Response 1",
          "correctResponseFlag": true
        }
      ]
    },
    "content_codes": [null],
    "revision_text": "",
    "task_user_ids": null,
    "framework_type": null,
    "item_type_code": "CR",
    "item_type_name": "Constructed Response",
    "scoring_needed": true,
    "workflow_tasks": null,
    "workflow_users": null,
    "attributes_list": [
      {
        "group_info": {
          "grade_id": 0,
          "content_area_id": 0,
          "framework_type_id": 0
        },
        "item_usage": 0,
        "content_codes": [],
        "math_practices": 0,
        "testing_program": [],
        "cognitive_category": 0,
        "cognitive_taxonomy": 0,
        "estimate_difficulty": 0
      }
    ],
    "cluster_scoring": false,
    "content_area_id": null,
    "created_user_id": 1,
    "previous_source": "NEW_MERIDIAN",
    "testing_program": null,
    "variant_type_id": 1,
    "workflow_status": null,
    "content_code_ids": [null],
    "item_status_code": "draft",
    "item_status_name": "Draft",
    "workflow_task_id": null,
    "workflow_user_id": null,
    "framework_type_id": null,
    "is_latest_version": true,
    "readable_response": "",
    "scoring_method_id": 3000146,
    "testing_program_id": null,
    "workflow_task_skip": null,
    "scoring_method_code": "partial_credit",
    "workflow_content_id": null,
    "workflow_process_id": null,
    "accessibility_details": [
      {
        "span_id": ["[\"cp_3ppr6g4cw\"]"],
        "file_name": "tts_audio_1",
        "file_type": "mp3",
        "group_text": "Canada and the United States share 4 out of the 5 Great Lakes in central North America.",
        "attachment_id": 3001162,
        "content_group": 48,
        "access_element": "ae001",
        "accommodation_id": 87,
        "synthetic_pronoun": "Canada and the United States share 4 out of the 5 Great Lakes in central North America.",
        "accessibility_type": "spoken",
        "attachment_version": 1,
        "accessibility_sub_type": 4630
      },
      {
        "span_id": ["[\"cp_3ppr6g4cw\"]"],
        "file_name": null,
        "file_type": null,
        "group_text": "Canada and the United States share 4 out of the 5 Great Lakes in central North America.",
        "attachment_id": null,
        "content_group": 48,
        "access_element": "ae001",
        "accommodation_id": 88,
        "synthetic_pronoun": "Canada and the United States share 4 out of the 5 Great Lakes in central North America.",
        "accessibility_type": "braille",
        "attachment_version": null,
        "accessibility_sub_type": null
      },
      {
        "span_id": ["[\"cp_krvmev4po\"]"],
        "file_name": "tts_audio_2",
        "file_type": "mp3",
        "group_text": "\n         Type your answer here:\n         Lake Michigan",
        "attachment_id": 3001163,
        "content_group": 49,
        "access_element": "ae002",
        "accommodation_id": 89,
        "synthetic_pronoun": "Type your answer here:",
        "accessibility_type": "spoken",
        "attachment_version": 1,
        "accessibility_sub_type": 4630
      },
      {
        "span_id": ["[\"cp_krvmev4po\"]"],
        "file_name": null,
        "file_type": null,
        "group_text": "\n         Type your answer here:\n         Lake Michigan",
        "attachment_id": null,
        "content_group": 49,
        "access_element": "ae002",
        "accommodation_id": 90,
        "synthetic_pronoun": "Type your answer here:",
        "accessibility_type": "braille",
        "attachment_version": null,
        "accessibility_sub_type": null
      },
      {
        "span_id": ["[\"cp_wrcv6c7cn\"]"],
        "file_name": null,
        "file_type": null,
        "group_text": "boundaries",
        "attachment_id": null,
        "content_group": 50,
        "access_element": "ae003",
        "accommodation_id": 91,
        "synthetic_pronoun": "límites",
        "accessibility_type": "keyword",
        "attachment_version": null,
        "accessibility_sub_type": 31083
      }
    ],
    "assessment_program_id": 15009,
    "workflow_content_type": null,
    "workflow_graphic_path": null,
    "workflow_process_name": null,
    "assessment_program_ids": null,
    "assessment_program_code": null,
    "item_type_category_code": "question",
    "item_type_category_name": "Question",
    "workflow_content_type_id": null,
    "workflow_content_user_ids": null,
    "workflow_process_description": null
  }
}
