{
  "item": {
    "id": 3000923,
    "name": "MediaTest_7.20.21_SpeechInteraction",
    "grade": null,
    "status": 3000152,
    "user_id": 2,
    "version": 1,
    "grade_id": null,
    "is_locked": false,
    "item_json": {
      "uuid": "ef6b4d1-48e3-0f01-2372-0b36c00a1fdf",
      "stemContent": "<p id=\"cb-941228-6-78\">here is the stem of my item.</p>",
      "itemTypeCode": "SI",
      "retainAttempts": true,
      "answerAlignment": "vertical_stacked",
      "maxNumberofAttempts": 1,
      "maxTimeAllowedForEachAttempt": 10
    },
    "max_score": 1,
    "rationale": {
      "id": "0fad73-8e1-f08e-2e10-b8a31ab27",
      "rationaleText": ""
    },
    "description": "",
    "previous_id": null,
    "content_area": null,
    "created_date": "2021-07-20T17:07:34.074846+00:00",
    "created_user": "User Two",
    "item_type_id": 3000108,
    "scoring_data": null,
    "content_codes": [null],
    "revision_text": "",
    "task_user_ids": null,
    "framework_type": null,
    "item_type_code": "SI",
    "item_type_name": "Speech Interaction",
    "scoring_needed": true,
    "workflow_tasks": null,
    "workflow_users": null,
    "attributes_list": [{ "group_info": {} }],
    "cluster_scoring": false,
    "content_area_id": null,
    "created_user_id": 2,
    "previous_source": "",
    "testing_program": null,
    "variant_type_id": 1,
    "workflow_status": null,
    "content_code_ids": [null],
    "item_status_code": "draft",
    "item_status_name": "Draft",
    "workflow_task_id": null,
    "workflow_user_id": null,
    "framework_type_id": null,
    "is_latest_version": true,
    "readable_response": null,
    "scoring_method_id": 3000145,
    "testing_program_id": null,
    "workflow_task_skip": null,
    "scoring_method_code": "no_score",
    "workflow_content_id": null,
    "workflow_process_id": null,
    "accessibility_details": null,
    "assessment_program_id": 196991,
    "workflow_content_type": null,
    "workflow_graphic_path": null,
    "workflow_process_name": null,
    "assessment_program_ids": null,
    "assessment_program_code": null,
    "item_type_category_code": "question",
    "item_type_category_name": "Question",
    "workflow_content_type_id": null,
    "workflow_content_user_ids": null,
    "workflow_process_description": null
  }
}
