{
  "item": {
    "id": 3001699,
    "name": "Item MC 10131",
    "grade": null,
    "status": 3000152,
    "version": 7,
    "grade_id": null,
    "is_locked": false,
    "item_json": {
      "uuid": "04d3211-5ace-eaed-7c8-f53b14b2a42",
      "shuffle": false,
      "feedback": false,
      "optionList": [
        {
          "id": "843df10-510-6f2-21bf-63740f5500ef",
          "optionText": "<p id=\"cb-828297-0-26-8\">True</p>\n"
        },
        {
          "id": "c0d2df5-0673-d188-81ab-bde06b87efad",
          "optionText": "<p id=\"cb-315920-7-35-8\">False</p>\n"
        }
      ],
      "stemContent": "<p id=\"cb-425458-5-35-8\">Multiple Choice - True/False</p>",
      "itemTypeCode": "MC",
      "minItemWidth": 0,
      "feedbackList": [],
      "minItemHeight": 0,
      "maxSelections": 1,
      "minSelections": 0,
      "responseLabels": "No Response Label",
      "selectionType": "true/false",
      "answerAlignment": "right_vertical_stacked",
      "correctResponse": [
        {
          "id": "843df10-510-6f2-21bf-63740f5500ef",
          "value": true
        },
        {
          "id": "c0d2df5-0673-d188-81ab-bde06b87efad",
          "value": false
        }
      ]
    },
    "max_score": null,
    "rationale": {
      "optionList": [
        {
          "id": "843df10-510-6f2-21bf-63740f5500ef",
          "rationaleText": ""
        },
        {
          "id": "c0d2df5-0673-d188-81ab-bde06b87efad",
          "rationaleText": ""
        }
      ]
    },
    "description": "",
    "previous_id": null,
    "content_area": null,
    "created_date": "2021-10-13T18:54:12.958003+00:00",
    "created_user": "Mahesh",
    "item_type_id": 3000097,
    "scoring_data": null,
    "content_codes": [null],
    "revision_text": "",
    "task_user_ids": null,
    "framework_type": null,
    "item_type_name": "Multiple Choice",
    "scoring_needed": null,
    "workflow_tasks": null,
    "workflow_users": null,
    "attributes_list": [
      {
        "group_info": {}
      }
    ],
    "cluster_scoring": null,
    "content_area_id": null,
    "created_user_id": 5,
    "previous_source": null,
    "testing_program": null,
    "variant_type_id": 1,
    "workflow_status": null,
    "content_code_ids": [null],
    "item_status_code": "draft",
    "item_status_name": "Draft",
    "workflow_task_id": null,
    "workflow_user_id": null,
    "framework_type_id": null,
    "is_latest_version": true,
    "readableResponse": "\"True\"",
    "scoring_method_id": null,
    "testing_program_id": null,
    "workflow_task_skip": null,
    "workflow_content_id": null,
    "workflow_process_id": null,
    "accessibility_details": null,
    "assessment_program_id": 15009,
    "workflow_content_type": null,
    "workflow_graphic_path": null,
    "workflow_process_name": null,
    "assessment_program_ids": null,
    "assessment_program_code": null,
    "item_type_category_code": "question",
    "item_type_category_name": "Question",
    "workflow_content_type_id": null,
    "workflow_content_user_ids": null,
    "workflow_process_description": null
  }
}
