{
  "item": {
    "id": 3001693,
    "name": "Matching_Lines_0121101130",
    "grade": "Grade 3",
    "status": 3000151,
    "user_id": 1,
    "version": 2,
    "grade_id": 146,
    "is_locked": false,
    "item_json": {
      "uuid": "6f31cf5-8354-cd53-6a31-715345147bb",
      "leftTitle": "",
      "dimensions": {
        "width": 250,
        "height": 35
      },
      "rightTitle": "",
      "stemContent": "",
      "itemTypeCode": "ML",
      "minItemWidth": 0,
      "minItemHeight": 0,
      "optionList": [
        {
          "id": "2810608-30b8-ebdf-a4d2-e2c11bda70b",
          "optionText": "<p id=\"cb-537483-2-67\">1</p>\n"
        },
        {
          "id": "b66c7c-fc1c-bde6-ba1f-6275a085c0f",
          "optionText": "<p id=\"cb-267810-7-41\">2</p>\n\n<p id=\"cb-807046-2-74\">&nbsp;</p>\n"
        },
        {
          "id": "e4b8db3-be77-581-1ced-4def540e886",
          "optionText": "<p id=\"cb-720911-6-4\">3</p>\n"
        },
        {
          "id": "7e5f6ee-d80e-eaf-25a-7d26e65b2a",
          "optionText": "<p id=\"cb-885611-1-69\">4</p>\n\n<p id=\"cb-323768-0-67\">&nbsp;</p>\n"
        },
        {
          "id": "testing-id-1",
          "optionText": "<p id=\"cb-885611-1-69\">Not Matched</p>\n\n<p id=\"cb-323768-0-67\">&nbsp;</p>\n"
        }
      ],
      "matchList": [
        {
          "id": "12664cc-b50c-32b5-d3e1-06818013b8",
          "optionText": "<p id=\"cb-109969-2-21\">3</p>\n\n<p id=\"cb-547760-9-81\">&nbsp;</p>\n"
        },
        {
          "id": "ee61a30-3034-ffa-3f77-7534a834de",
          "optionText": "<p id=\"cb-689179-7-50\">4</p>\n\n<p id=\"cb-549863-2-39\">&nbsp;</p>\n"
        },
        {
          "id": "f3dee83-f7d6-cfb-7c-7425abbbaa",
          "optionText": "<p id=\"cb-824328-1-39\">7</p>\n"
        },
        {
          "id": "4783358-3f21-8b27-e08-ceb55abea10",
          "optionText": "<p id=\"cb-799584-5-63\">8</p>\n\n<p id=\"cb-96302-1-26\">&nbsp;</p>\n"
        }
      ],
      "correctResponse": [
        {
          "id": "2810608-30b8-ebdf-a4d2-e2c11bda70b",
          "value": "ee61a30-3034-ffa-3f77-7534a834de"
        },
        {
          "id": "7e5f6ee-d80e-eaf-25a-7d26e65b2a",
          "value": "f3dee83-f7d6-cfb-7c-7425abbbaa"
        },
        {
          "id": "e4b8db3-be77-581-1ced-4def540e886",
          "value": "12664cc-b50c-32b5-d3e1-06818013b8"
        },
        {
          "id": "b66c7c-fc1c-bde6-ba1f-6275a085c0f",
          "value": "4783358-3f21-8b27-e08-ceb55abea10"
        },
        {
          "id": "testing-id-1",
          "value": ""
        }
      ],
      "maxAssociations": 0,
      "minAssociations": 0
    },
    "max_score": 3,
    "rationale": {
      "id": "2abdeb0-cff-a5-e2be-df10f51a808",
      "optionRationales": [
        {
          "id": "e2c8ab2-a430-3211-67f1-a6c3cf35be8",
          "rationaleText": ""
        },
        {
          "id": "ab155d7-b4a1-b411-4878-4ff0ec5ee3",
          "rationaleText": "<p id=\"cb-291514-9-1\">Test</p>\n"
        },
        {
          "id": "e6bcc3-0dcd-825-c652-60ffeecb10d1",
          "rationaleText": "<p id=\"cb-803298-2-1\">Data</p>\n"
        }
      ]
    },
    "description": "",
    "previous_id": null,
    "content_area": "QA",
    "created_date": "2021-10-11T12:44:09.394714+00:00",
    "created_user": "User One",
    "item_type_id": 3000100,
    "scoring_data": {
      "correctResponse": {
        "score": 3,
        "responses": [
          {
            "index": 0,
            "leftId": "df7bcc8-fe7d-ed1-fd72-a63a4af22d63",
            "rightId": "e2c8ab2-a430-3211-67f1-a6c3cf35be8"
          },
          {
            "index": 1,
            "leftId": "e342002-e103-542-b7d-5b8a2f3ca7",
            "rightId": "ab155d7-b4a1-b411-4878-4ff0ec5ee3"
          },
          {
            "index": 2,
            "leftId": "bbc37a-08d2-e088-27db-83dca85174",
            "rightId": "e6bcc3-0dcd-825-c652-60ffeecb10d1"
          }
        ]
      },
      "partialResponses": [
        {
          "index": 0,
          "quota": "-1",
          "score": "1.0000",
          "leftId": "df7bcc8-fe7d-ed1-fd72-a63a4af22d63",
          "rightId": "e2c8ab2-a430-3211-67f1-a6c3cf35be8",
          "correctResponseFlag": true
        },
        {
          "index": 1,
          "quota": "-1",
          "score": "1.0000",
          "leftId": "e342002-e103-542-b7d-5b8a2f3ca7",
          "rightId": "ab155d7-b4a1-b411-4878-4ff0ec5ee3",
          "correctResponseFlag": true
        },
        {
          "index": 2,
          "quota": "-1",
          "score": "1.0000",
          "leftId": "bbc37a-08d2-e088-27db-83dca85174",
          "rightId": "e6bcc3-0dcd-825-c652-60ffeecb10d1",
          "correctResponseFlag": true
        }
      ]
    },
    "content_codes": [
      "QA.W.3"
    ],
    "revision_text": "",
    "task_user_ids": null,
    "framework_type": "KS-Technology",
    "item_type_code": "ML",
    "item_type_name": "Matching Lines",
    "scoring_needed": true,
    "workflow_tasks": null,
    "workflow_users": null,
    "attributes_list": [
      {
        "group_info": {
          "grade_id": 146,
          "content_area_id": 3000008,
          "framework_type_id": 3000072
        },
        "item_usage": 3000131,
        "content_codes": [
          {
            "id": 3009436,
            "selection": true,
            "is_primary": true,
            "is_secondary": false
          }
        ],
        "attributes_list": [
          {
            "tags": [
              "Test"
            ]
          }
        ],
        "testing_program": [
          83
        ],
        "cognitive_category": 3000137,
        "cognitive_taxonomy": 282,
        "estimate_difficulty": 386
      }
    ],
    "cluster_scoring": false,
    "content_area_id": 3000008,
    "created_user_id": 1,
    "previous_source": null,
    "testing_program": "Practice",
    "variant_type_id": 1,
    "workflow_status": null,
    "content_code_ids": [
      3009436
    ],
    "item_status_code": "complete",
    "item_status_name": "Complete",
    "workflow_task_id": null,
    "workflow_user_id": null,
    "framework_type_id": 3000072,
    "is_latest_version": true,
    "readableResponse": "\"Tennis\"LeftOption:\"Virat Kohli\"RightOption\"\n\n\"Cricket\"LeftOption:\"Cristiano Ronaldo\"RightOption\"\n\n\"Cricket\"LeftOption:\"Roger Federer\"RightOption\"\n\n\"Cricket\"LeftOption:\"Virat Kohli\"RightOption\"\n\n\"Soccer\"LeftOption:\"Cristiano Ronaldo\"RightOption\"\n\n\"Soccer\"LeftOption:\"Roger Federer\"RightOption\"\n\n\"Soccer\"LeftOption:\"Virat Kohli\"RightOption\"",
    "scoring_method_id": 3000146,
    "testing_program_id": "83",
    "workflow_task_skip": null,
    "scoring_method_code": "partial_credit",
    "workflow_content_id": null,
    "workflow_process_id": null,
    "accessibility_details": null,
    "assessment_program_id": 196991,
    "workflow_content_type": null,
    "workflow_graphic_path": null,
    "workflow_process_name": null,
    "assessment_program_ids": null,
    "assessment_program_code": null,
    "item_type_category_code": "question",
    "item_type_category_name": "Question",
    "workflow_content_type_id": null,
    "workflow_content_user_ids": null,
    "workflow_process_description": null
  }
}