{
  "item": {
    "id": 3001794,
    "name": "Graphic_OrderDemo",
    "grade": null,
    "status": 3000152,
    "user_id": 1,
    "version": 1,
    "grade_id": null,
    "is_locked": false,
    "item_json": {
      "uuid": "97d57344-967d-4b82-b83c-05a9898b3832",
      "imageURL": "",
      "imgWidth": 206,
      "imgHeight": 280,
      "dataImageId": "",
      "parentWidth": 800,
      "stemContent": "<p>Lorna is flying back home to the UK. Ideally, she would like to fly in directly to her\n\t\t\thome town of Glasgow. Edinburgh is her second choice and, if necessary, she could fly\n\t\t\tinto London and pick up an internal connecting flight. Although she has been offered a\n\t\t\tcheap flight to Manchester it remains her least favourite option as connecting flights\n\t\t\tto Glasgow are not very reliable from there.\n\t\t\t</p>\n\n Mark the airports shown on the map according to Lorna's preferences.",
      "itemTypeCode": "G-ORD",
      "minItemWidth": 0,
      "minItemHeight": 0,
      "hotspotObjects": [
        {
          "x": 77,
          "y": 115,
          "id": "a25e8e40-7331-4668-8bd1-0c0f5a4da2df",
          "fill": "transparent",
          "name": "A",
          "type": "Circle",
          "index": 1,
          "width": 40,
          "height": 40,
          "rotate": 0,
          "stroke": "rgba(0,0,0,1)",
          "blendmode": "normal",
          "strokeWidth": 1
        },
        {
          "x": 118,
          "y": 184,
          "id": "77e79137-acca-4dbb-b7e7-5a321a6e3f3a",
          "fill": "transparent",
          "name": "B",
          "type": "Circle",
          "index": 2,
          "width": 40,
          "height": 40,
          "rotate": 0,
          "stroke": "rgba(0,0,0,1)",
          "blendmode": "normal",
          "strokeWidth": 1
        },
        {
          "x": 150,
          "y": 235,
          "id": "c7478eff-503c-4ec7-ad93-077b6db624b1",
          "fill": "transparent",
          "name": "C",
          "type": "Circle",
          "index": 3,
          "width": 40,
          "height": 40,
          "rotate": 0,
          "stroke": "rgba(0,0,0,1)",
          "blendmode": "normal",
          "strokeWidth": 1
        },
        {
          "x": 96,
          "y": 114,
          "id": "22f867a7-c650-48f7-bbca-d45fb303a66e",
          "fill": "transparent",
          "name": "D",
          "type": "Circle",
          "index": 4,
          "width": 40,
          "height": 40,
          "rotate": 0,
          "stroke": "rgba(0,0,0,1)",
          "blendmode": "normal",
          "strokeWidth": 1
        },
        {
          "x": 60,
          "y": 60,
          "id": "e15ab975-e90c-4528-81bf-b7a20086bd1c",
          "fill": "transparent",
          "name": "E",
          "type": "Square",
          "index": 5,
          "width": 60,
          "height": 60,
          "radius": 0,
          "rotate": 0,
          "stroke": "rgba(0,0,0,1)",
          "blendmode": "normal",
          "strokeWidth": 1
        }
      ],
      "mediaVariantId": "",
      "correctResponse": [
        {
          "id": "a25e8e40-7331-4668-8bd1-0c0f5a4da2df",
          "name": "A",
          "index": 1
        },
        {
          "id": "22f867a7-c650-48f7-bbca-d45fb303a66e",
          "name": "D",
          "index": 2
        },
        {
          "id": "c7478eff-503c-4ec7-ad93-077b6db624b1",
          "name": "C",
          "index": 3
        },
        {
          "id": "77e79137-acca-4dbb-b7e7-5a321a6e3f3a",
          "name": "B",
          "index": 4
        },
        {
          "id": "e15ab975-e90c-4528-81bf-b7a20086bd1c",
          "name": "E",
          "index": 5
        },
        { "name": "F", "index": 6 }
      ],
      "readable_response": ""
    },
    "max_score": 1,
    "rationale": {
      "hotspotObjects": [
        { "id": "a25e8e40-7331-4668-8bd1-0c0f5a4da2df", "rationale_text": "" },
        { "id": "77e79137-acca-4dbb-b7e7-5a321a6e3f3a", "rationale_text": "" },
        { "id": "c7478eff-503c-4ec7-ad93-077b6db624b1", "rationale_text": "" },
        { "id": "22f867a7-c650-48f7-bbca-d45fb303a66e", "rationale_text": "" },
        { "id": "e15ab975-e90c-4528-81bf-b7a20086bd1c", "rationale_text": "" }
      ]
    },
    "description": "",
    "previous_id": "ITEM_30014",
    "content_area": null,
    "created_date": "2021-10-22T12:53:58.485592+00:00",
    "created_user": "User One",
    "item_type_id": 3000092,
    "scoring_data": {
      "correctResponse": {
        "score": 1,
        "responses": [
          { "id": "a25e8e40-7331-4668-8bd1-0c0f5a4da2df", "index": 1 },
          { "id": "22f867a7-c650-48f7-bbca-d45fb303a66e", "index": 2 },
          { "id": "c7478eff-503c-4ec7-ad93-077b6db624b1", "index": 3 },
          { "id": "77e79137-acca-4dbb-b7e7-5a321a6e3f3a", "index": 4 },
          { "id": "e15ab975-e90c-4528-81bf-b7a20086bd1c", "index": 5 },
          { "index": 6 }
        ]
      },
      "partialResponses": []
    },
    "content_codes": [null],
    "revision_text": "",
    "task_user_ids": null,
    "framework_type": null,
    "item_type_code": "G-ORD",
    "item_type_name": "Graphic Order",
    "scoring_needed": true,
    "workflow_tasks": null,
    "workflow_users": null,
    "attributes_list": [
      {
        "group_info": {
          "grade_id": 0,
          "content_area_id": 0,
          "framework_type_id": 0
        },
        "item_usage": 0,
        "content_codes": [],
        "math_practices": 0,
        "testing_program": [],
        "cognitive_category": 0,
        "cognitive_taxonomy": 0,
        "estimate_difficulty": 0
      }
    ],
    "cluster_scoring": false,
    "content_area_id": null,
    "created_user_id": 1,
    "previous_source": "GO",
    "testing_program": null,
    "variant_type_id": 1,
    "workflow_status": null,
    "content_code_ids": [null],
    "item_status_code": "draft",
    "item_status_name": "Draft",
    "workflow_task_id": null,
    "workflow_user_id": null,
    "framework_type_id": null,
    "is_latest_version": true,
    "readable_response": "",
    "scoring_method_id": 3000142,
    "testing_program_id": null,
    "workflow_task_skip": null,
    "scoring_method_code": "correct_only",
    "workflow_content_id": null,
    "workflow_process_id": null,
    "accessibility_details": null,
    "assessment_program_id": 196991,
    "workflow_content_type": null,
    "workflow_graphic_path": null,
    "workflow_process_name": null,
    "assessment_program_ids": null,
    "assessment_program_code": null,
    "item_type_category_code": "question",
    "item_type_category_name": "Question",
    "workflow_content_type_id": null,
    "workflow_content_user_ids": null,
    "workflow_process_description": null
  }
}
