{
  "item": {
    "id": 3001116,
    "name": "bdb item new",
    "grade": "Grade 1",
    "status": 3000152,
    "user_id": 2,
    "version": 3,
    "grade_id": 144,
    "is_locked": false,
    "item_json": {
      "uuid": "24b071-e4e5-e58e-3ca5-35fde0c770b",
      "spellCheck": true,
      "stemContent": "<p id=\"cb-767781-1-57\">This is the world....</p>\n\n<p id=\"cb-663176-8-99\"><strong>What you see from that?</strong></p>\n\n<p id=\"cb-850412-3-17\">Elaborate that</p>\n",
      "itemTypeCode": "ER",
      "expectedLines": "5LINES_EXT",
      "answerAlignment": "right_vertical_stacked"
    },
    "max_score": null,
    "rationale": { "rationaleText": "" },
    "description": "",
    "previous_id": null,
    "content_area": "QA",
    "created_date": "2021-08-10T13:59:18.611739+00:00",
    "created_user": "User Two",
    "item_type_id": 3000090,
    "scoring_data": null,
    "content_codes": [null],
    "revision_text": "",
    "task_user_ids": null,
    "framework_type": null,
    "item_type_code": "ER",
    "item_type_name": "Extended Response",
    "scoring_needed": null,
    "workflow_tasks": null,
    "workflow_users": null,
    "attributes_list": [
      { "group_info": { "grade_id": 144, "content_area_id": 3000008 } }
    ],
    "cluster_scoring": null,
    "content_area_id": 3000008,
    "created_user_id": 2,
    "previous_source": null,
    "testing_program": null,
    "variant_type_id": 1,
    "workflow_status": null,
    "content_code_ids": [null],
    "item_status_code": "draft",
    "item_status_name": "Draft",
    "workflow_task_id": null,
    "workflow_user_id": null,
    "framework_type_id": null,
    "is_latest_version": true,
    "readable_response": null,
    "scoring_method_id": null,
    "testing_program_id": null,
    "workflow_task_skip": null,
    "scoring_method_code": null,
    "workflow_content_id": null,
    "workflow_process_id": null,
    "accessibility_details": null,
    "assessment_program_id": 196991,
    "workflow_content_type": null,
    "workflow_graphic_path": null,
    "workflow_process_name": null,
    "assessment_program_ids": null,
    "assessment_program_code": null,
    "item_type_category_code": "question",
    "item_type_category_name": "Question",
    "workflow_content_type_id": null,
    "workflow_content_user_ids": null,
    "workflow_process_description": null
  }
}
