{
    "item": {
      "id": 3001370,
      "name": "OscillatingGraph",
      "grade": "Grade 1",
      "status": 3000170,
      "user_id": 1002853,
      "version": 2,
      "grade_id": 144,
      "is_locked": false,
      "item_json": {
        "uuid": "d4d266-132-5dfa-b70b-c16fd8cb115d",
        "stemContent": "<p id=\"cb-894786-10-1\" style=\"font-size: 20px; font-family: Arial; color:black\">OG stem content</p>\n",
        "itemTypeCode": "OG",
        "minItemWidth": 300,
        "minItemHeight": 300
      },
      "max_score": null,
      "rationale": null,
      "description": "",
      "previous_id": null,
      "content_area": "QA",
      "created_date": "2021-09-23T15:57:36.464133+00:00",
      "created_user": "Erin Minor",
      "item_type_id": 3000103,
      "scoring_data": null,
      "content_codes": [null],
      "revision_text": "",
      "task_user_ids": null,
      "framework_type": null,
      "item_type_code": "OG",
      "item_type_name": "Oscillating Graph",
      "scoring_needed": null,
      "workflow_tasks": null,
      "workflow_users": null,
      "attributes_list": [
        {
          "group_info": { "grade_id": 144, "content_area_id": 3000008 },
          "content_area_id": 3000008
        }
      ],
      "cluster_scoring": null,
      "content_area_id": 3000008,
      "created_user_id": 1002853,
      "previous_source": null,
      "testing_program": null,
      "variant_type_id": 1,
      "workflow_status": null,
      "content_code_ids": [null],
      "item_status_code": "draft",
      "item_status_name": "Draft",
      "workflow_task_id": null,
      "workflow_user_id": null,
      "framework_type_id": null,
      "is_latest_version": true,
      "readable_response": null,
      "scoring_method_id": null,
      "testing_program_id": null,
      "workflow_task_skip": null,
      "scoring_method_code": null,
      "workflow_content_id": null,
      "workflow_process_id": null,
      "accessibility_details": null,
      "assessment_program_id": 196991,
      "workflow_content_type": null,
      "workflow_graphic_path": null,
      "workflow_process_name": null,
      "assessment_program_ids": null,
      "assessment_program_code": null,
      "item_type_category_code": "simulation",
      "item_type_category_name": "Simulation",
      "workflow_content_type_id": null,
      "workflow_content_user_ids": null,
      "workflow_process_description": null
    }
  }
  