{
  "item": {
    "id": 3001943,
    "name": "Title HTSP5",
    "grade": null,
    "status": 3000152,
    "user_id": 1,
    "version": 1,
    "grade_id": null,
    "is_locked": false,
    "item_json": {
      "uuid": "9449ceb9-46e5-4f5c-8e09-2772c18a603f",
      "imageURL": "",
      "imgWidth": 0,
      "imgHeight": 0,
      "userSelect": false,
      "parentWidth": 800,
      "stemContent": "<p id=\"content1\">This is a picture with 4 hotspots.</p>\n\n <p id=\"c1\">Click on 2 or 3</p>",
      "itemTypeCode": "HTSP",
      "minItemWidth": 0,
      "maxSelections": 3,
      "minItemHeight": 0,
      "minSelections": 2,
      "hotspotObjects": [
        {
          "x": 77,
          "y": 115,
          "id": "2a959ff3-9e82-4839-8648-77e62d204c27",
          "fill": "transparent",
          "name": "A",
          "type": "Circle",
          "index": 1,
          "width": 16,
          "height": 16,
          "rotate": 0,
          "stroke": "rgba(0,0,0,1)",
          "blendMode": "normal",
          "transform": "rotate(0 321 315)",
          "strokeWidth": 1
        },
        {
          "x": 97,
          "y": 115,
          "id": "aacf859f-b515-43f0-af9d-8a424eb648cc",
          "fill": "transparent",
          "name": "B",
          "type": "Circle",
          "index": 2,
          "width": 16,
          "height": 16,
          "rotate": 0,
          "stroke": "rgba(0,0,0,1)",
          "blendMode": "normal",
          "transform": "rotate(0 321 315)",
          "strokeWidth": 1
        },
        {
          "x": 77,
          "y": 135,
          "id": "5c35071b-76eb-4c53-b87a-7f70b6feb51e",
          "fill": "transparent",
          "name": "C",
          "type": "Circle",
          "index": 3,
          "width": 16,
          "height": 16,
          "rotate": 0,
          "stroke": "rgba(0,0,0,1)",
          "blendMode": "normal",
          "transform": "rotate(0 321 315)",
          "strokeWidth": 1
        },
        {
          "x": 97,
          "y": 135,
          "id": "882727c0-39f4-45b9-82e5-b053af5f2adb",
          "fill": "transparent",
          "name": "D",
          "type": "Circle",
          "index": 4,
          "width": 16,
          "height": 16,
          "rotate": 0,
          "stroke": "rgba(0,0,0,1)",
          "blendMode": "normal",
          "transform": "rotate(0 321 315)",
          "strokeWidth": 1
        }
      ],
      "imageAlignment": "Left",
      "correctResponse": [
        { "id": "aacf859f-b515-43f0-af9d-8a424eb648cc", "name": "B" }
      ],
      "designerObjects": [
        {
          "x": 77,
          "y": 115,
          "id": "2a959ff3-9e82-4839-8648-77e62d204c27",
          "fill": "transparent",
          "name": "A",
          "type": "Circle",
          "index": 1,
          "width": 16,
          "height": 16,
          "rotate": 0,
          "stroke": "rgba(0,0,0,1)",
          "blendMode": "normal",
          "transform": "rotate(0 321 315)",
          "strokeWidth": 1
        },
        {
          "x": 97,
          "y": 115,
          "id": "aacf859f-b515-43f0-af9d-8a424eb648cc",
          "fill": "transparent",
          "name": "B",
          "type": "Circle",
          "index": 2,
          "width": 16,
          "height": 16,
          "rotate": 0,
          "stroke": "rgba(0,0,0,1)",
          "blendMode": "normal",
          "transform": "rotate(0 321 315)",
          "strokeWidth": 1
        },
        {
          "x": 77,
          "y": 135,
          "id": "5c35071b-76eb-4c53-b87a-7f70b6feb51e",
          "fill": "transparent",
          "name": "C",
          "type": "Circle",
          "index": 3,
          "width": 16,
          "height": 16,
          "rotate": 0,
          "stroke": "rgba(0,0,0,1)",
          "blendMode": "normal",
          "transform": "rotate(0 321 315)",
          "strokeWidth": 1
        },
        {
          "x": 97,
          "y": 135,
          "id": "882727c0-39f4-45b9-82e5-b053af5f2adb",
          "fill": "transparent",
          "name": "D",
          "type": "Circle",
          "index": 4,
          "width": 16,
          "height": 16,
          "rotate": 0,
          "stroke": "rgba(0,0,0,1)",
          "blendMode": "normal",
          "transform": "rotate(0 321 315)",
          "strokeWidth": 1
        }
      ],
      "backgroundAlignment": [],
      "invisibleHotspotZones": false
    },
    "max_score": 1,
    "rationale": { "rowList": [], "optionRationales": [] },
    "description": "",
    "previous_id": "QTI Import Simple HTSP ID",
    "content_area": null,
    "created_date": "2021-11-26T06:05:35.674794+00:00",
    "created_user": "User One",
    "item_type_id": 3000095,
    "scoring_data": {
      "correctResponse": {
        "score": 1,
        "responses": [{ "responseid": "aacf859f-b515-43f0-af9d-8a424eb648cc" }]
      }
    },
    "content_codes": [null],
    "revision_text": "",
    "task_user_ids": null,
    "framework_type": null,
    "item_type_code": "HTSP",
    "item_type_name": "HotSpot",
    "scoring_needed": true,
    "workflow_tasks": null,
    "workflow_users": null,
    "attributes_list": [
      {
        "group_info": {
          "grade_id": 0,
          "content_area_id": 0,
          "framework_type_id": 0
        },
        "item_usage": 0,
        "content_codes": [],
        "math_practices": 0,
        "testing_program": [],
        "cognitive_category": 0,
        "cognitive_taxonomy": 0,
        "estimate_difficulty": 0
      }
    ],
    "cluster_scoring": false,
    "content_area_id": null,
    "created_user_id": 1,
    "previous_source": "CONTENT_PORTAL",
    "testing_program": null,
    "variant_type_id": 1,
    "workflow_status": null,
    "content_code_ids": [null],
    "item_status_code": "draft",
    "item_status_name": "Draft",
    "workflow_task_id": null,
    "workflow_user_id": null,
    "framework_type_id": null,
    "is_latest_version": true,
    "readable_response": "",
    "scoring_method_id": 3000142,
    "testing_program_id": null,
    "workflow_task_skip": null,
    "scoring_method_code": "correct_only",
    "workflow_content_id": null,
    "workflow_process_id": null,
    "accessibility_details": null,
    "assessment_program_id": 15009,
    "workflow_content_type": null,
    "workflow_graphic_path": null,
    "workflow_process_name": null,
    "assessment_program_ids": null,
    "assessment_program_code": null,
    "item_type_category_code": "question",
    "item_type_category_name": "Question",
    "workflow_content_type_id": null,
    "workflow_content_user_ids": null,
    "workflow_process_description": null
  }
}
