{
  "item": {
    "id": 3001421,
    "name": "Biology_MathTool_9.24.21",
    "grade": "Grade 3",
    "status": 3000152,
    "user_id": 1,
    "version": 1,
    "grade_id": 146,
    "is_locked": false,
    "item_json": {
      "uuid": "afa847e-374f-a100-1b70-25873eb0c56d",
      "species": [],
      "stemContent": "<p id=\"cb-59152-7-92\">Here is the stem of my item. I have&nbsp;<span class=\"math-tex\"><math xmlns=\"http://www.w3.org/1998/Math/MathML\"><mfrac><mn>1</mn><mn>2</mn></mfrac></math></span>&nbsp;cup of flour.</p>\n",
      "itemTypeCode": "BS",
      "minItemWidth": 0,
      "minItemHeight": 0
    },
    "max_score": null,
    "rationale": null,
    "description": "",
    "previous_id": null,
    "content_area": "English Language Arts",
    "created_date": "2021-09-24T17:10:24.021093+00:00",
    "created_user": "User One",
    "item_type_id": 3000392,
    "scoring_data": null,
    "content_codes": [null],
    "revision_text": "",
    "task_user_ids": null,
    "framework_type": null,
    "item_type_code": "BS",
    "item_type_name": "Biology Simulation",
    "scoring_needed": null,
    "workflow_tasks": null,
    "workflow_users": null,
    "attributes_list": [
      { "group_info": { "grade_id": 146, "content_area_id": 85 } }
    ],
    "cluster_scoring": null,
    "content_area_id": 85,
    "created_user_id": 1,
    "previous_source": null,
    "testing_program": null,
    "variant_type_id": 1,
    "workflow_status": null,
    "content_code_ids": [null],
    "item_status_code": "draft",
    "item_status_name": "Draft",
    "workflow_task_id": null,
    "workflow_user_id": null,
    "framework_type_id": null,
    "is_latest_version": true,
    "readable_response": null,
    "scoring_method_id": null,
    "testing_program_id": null,
    "workflow_task_skip": null,
    "scoring_method_code": null,
    "workflow_content_id": null,
    "workflow_process_id": null,
    "accessibility_details": null,
    "assessment_program_id": 15009,
    "workflow_content_type": null,
    "workflow_graphic_path": null,
    "workflow_process_name": null,
    "assessment_program_ids": null,
    "assessment_program_code": null,
    "item_type_category_code": "simulation",
    "item_type_category_name": "Simulation",
    "workflow_content_type_id": null,
    "workflow_content_user_ids": null,
    "workflow_process_description": null
  }
}
