{
  "item": {
    "id": 3002008,
    "name": "ordering_test1",
    "grade": null,
    "status": 3000152,
    "user_id": 1,
    "version": 1,
    "grade_id": null,
    "is_locked": false,
    "item_json": {
      "uuid": "fde86116-3d5d-4f71-8ddb-e18db6041278",
      "stemContent": "<div id=\"cb_stem_79950\"> Cory knows energy flows between organisms. Make a food chain diagram. </div>",
      "itemTypeCode": "ORD",
      "minItemWidth": 0,
      "minItemHeight": 0,
      "optionList": [
        {
          "id": "R_i9Jc1hhEqSbL8c25-0",
          "optionText": "<div id=\"CB211518_1\"><object type=\"image/png\" width=\"206\" height=\"280\" data=\"images/demo3.png\">Tree</object></div>"
        },
        {
          "id": "R_i9Jc1hhEqSbL8c25-1",
          "optionText": "<div id=\"CB21637_2\"><span><math><mfrac><mn>1</mn><mn>2</mn></mfrac></math></span></div>"
        }
      ],
      "answerAlignment": "Vertical",
      "correctResponse": [
        { "id": "R_i9Jc1hhEqSbL8c25-0", "value": 0 },
        { "id": "R_i9Jc1hhEqSbL8c25-1", "value": 1 }
      ],
      "responseOptionWidth": 150,
      "responseOptionHeight": 60
    },
    "max_score": 1,
    "rationale": {
      "optionList": [
        { "id": "R_i9Jc1hhEqSbL8c25-0", "rationaleText": "" },
        { "id": "R_i9Jc1hhEqSbL8c25-1", "rationaleText": "" }
      ],
      "optionRationales": []
    },
    "description": "",
    "previous_id": null,
    "content_area": null,
    "created_date": "2021-12-08T03:19:58.299174+00:00",
    "created_user": "User One",
    "item_type_id": 3000104,
    "scoring_data": {
      "correctResponse": {
        "score": 1,
        "responses": [
          { "index": 0, "id": "R_i9Jc1hhEqSbL8c25-0" },
          { "index": 1, "id": "R_i9Jc1hhEqSbL8c25-1" }
        ]
      }
    },
    "content_codes": [null],
    "revision_text": "",
    "task_user_ids": null,
    "framework_type": null,
    "item_type_code": "ORD",
    "item_type_name": "Ordering",
    "scoring_needed": true,
    "workflow_tasks": null,
    "workflow_users": null,
    "attributes_list": [
      {
        "group_info": {
          "grade_id": 0,
          "content_area_id": 0,
          "framework_type_id": 0
        },
        "item_usage": 0,
        "content_codes": [],
        "math_practices": 0,
        "testing_program": [],
        "cognitive_category": 0,
        "cognitive_taxonomy": 0,
        "estimate_difficulty": 0
      }
    ],
    "cluster_scoring": false,
    "content_area_id": null,
    "created_user_id": 1,
    "previous_source": "CONTENT_PORTAL",
    "testing_program": null,
    "variant_type_id": 1,
    "workflow_status": null,
    "content_code_ids": [null],
    "item_status_code": "draft",
    "item_status_name": "Draft",
    "workflow_task_id": null,
    "workflow_user_id": null,
    "framework_type_id": null,
    "is_latest_version": true,
    "readable_response": "",
    "scoring_method_id": 3000142,
    "testing_program_id": null,
    "workflow_task_skip": null,
    "scoring_method_code": "correct_only",
    "workflow_content_id": null,
    "workflow_process_id": null,
    "accessibility_details": null,
    "assessment_program_id": 15009,
    "workflow_content_type": null,
    "workflow_graphic_path": null,
    "workflow_process_name": null,
    "assessment_program_ids": null,
    "assessment_program_code": null,
    "item_type_category_code": "question",
    "item_type_category_name": "Question",
    "workflow_content_type_id": null,
    "workflow_content_user_ids": null,
    "workflow_process_description": null
  }
}
