{
  "item": {
    "id": 3001240,
    "name": "QA_issue 4048_JG",
    "grade": "Grade 3",
    "status": 3000150,
    "user_id": 2,
    "version": 5,
    "grade_id": 146,
    "is_locked": false,
    "item_json": {
      "uuid": "40bd348-1cdf-f340-1ebd-07f83fed03",
      "stemContent": "<p id=\"cb-849580-5-58\">I was able to save in Final status without completing the required fields and I didn&#39;t receive a critical error message. We should be getting a critical error message when trying to save as final when the required fields are not completed. (Note: we have a question to the team about required fields on Simulations and Stimuli item types.)</p>\n",
      "itemTypeCode": "FIREWALL",
      "minItemWidth": 0,
      "minItemHeight": 0,
      "selectedCases": [
        {
          "code": "case-1",
          "name": "Case 1",
          "nodes": [
            { "name": "REMOTE1", "address": "145.17.83.6" },
            { "name": "PC1", "address": "192.168.1.20" },
            { "name": "PC2", "address": "192.168.1.30" }
          ],
          "arrows": [
            { "direction": "in", "nodeIndex": 0 },
            { "direction": "out", "nodeIndex": 1 },
            { "direction": "out", "nodeIndex": 2 }
          ],
          "destName": "192.168.1.20",
          "destNode": 1,
          "protocol": "FTP",
          "isBlocked": true,
          "sourceName": "145.17.83.6",
          "sourceNode": 0,
          "backgroundPath": "resources/simulation/firewall/backgrounds/packet1.svg"
        },
        {
          "code": "case-2",
          "name": "Case 2",
          "nodes": [
            { "name": "REMOTE1", "address": "145.17.83.6" },
            { "name": "PC1", "address": "192.168.1.20" },
            { "name": "PC2", "address": "192.168.1.30" }
          ],
          "arrows": [
            { "direction": "out", "nodeIndex": 0 },
            { "direction": "in", "nodeIndex": 1 },
            { "direction": "out", "nodeIndex": 1 },
            { "direction": "in", "nodeIndex": 2 }
          ],
          "destName": "145.17.83.6",
          "destNode": 0,
          "protocol": "HTTP",
          "isBlocked": false,
          "sourceName": "192.168.1.30",
          "sourceNode": 2,
          "backgroundPath": "resources/simulation/firewall/backgrounds/packet2.svg"
        },
        {
          "code": "case-3",
          "name": "Case 3",
          "nodes": [
            { "name": "REMOTE1", "address": "145.17.83.6:21" },
            { "name": "PC1", "address": "192.168.1.20:21" },
            { "name": "PC2", "address": "192.168.1.30" }
          ],
          "arrows": [
            { "direction": "out", "nodeIndex": 0 },
            { "direction": "in", "nodeIndex": 1 }
          ],
          "destName": "145.17.83.6:21",
          "destNode": 0,
          "protocol": "",
          "isBlocked": true,
          "sourceName": "192.168.1.20:21",
          "sourceNode": 1,
          "backgroundPath": "resources/simulation/firewall/backgrounds/packet3.svg"
        },
        {
          "code": "case-4",
          "name": "Case 4",
          "nodes": [
            { "name": "REMOTE1", "address": "145.17.83.6:80" },
            { "name": "PC1", "address": "192.168.1.20" },
            { "name": "PC2", "address": "192.168.1.30" }
          ],
          "arrows": [
            { "direction": "out", "nodeIndex": 0 },
            { "direction": "in", "nodeIndex": 1 }
          ],
          "destName": "145.17.83.6:80",
          "destNode": 0,
          "protocol": "",
          "isBlocked": true,
          "sourceName": "192.168.1.20",
          "sourceNode": 1,
          "backgroundPath": "resources/simulation/firewall/backgrounds/packet4.svg"
        },
        {
          "code": "case-5",
          "name": "Case 5",
          "nodes": [
            { "name": "REMOTE1", "address": "145.17.83.6" },
            { "name": "PC1", "address": "192.168.1.20" },
            { "name": "PC2", "address": "192.168.1.30" }
          ],
          "arrows": [
            { "direction": "out", "nodeIndex": 0 },
            { "direction": "in", "nodeIndex": 2 }
          ],
          "destName": "145.17.83.6",
          "destNode": 0,
          "protocol": "HTTPS",
          "isBlocked": false,
          "sourceName": "192.168.1.30",
          "sourceNode": 2,
          "backgroundPath": "resources/simulation/firewall/backgrounds/packet5.svg"
        },
        {
          "code": "case-6",
          "name": "Case 6",
          "nodes": [
            { "name": "REMOTE1", "address": "145.17.83.6" },
            { "name": "PC1", "address": "192.168.1.20" },
            { "name": "PC2", "address": "192.168.1.30" }
          ],
          "arrows": [
            { "direction": "out", "nodeIndex": 0 },
            { "direction": "in", "nodeIndex": 1 }
          ],
          "destName": "145.17.83.6",
          "destNode": 0,
          "protocol": "FTP",
          "isBlocked": true,
          "sourceName": "192.168.1.20",
          "sourceNode": 1,
          "backgroundPath": "resources/simulation/firewall/backgrounds/packet6.svg"
        },
        {
          "code": "case-7",
          "name": "Case 7",
          "nodes": [
            { "name": "REMOTE1", "address": "145.17.83.6:443" },
            { "name": "PC1", "address": "192.168.1.20" },
            { "name": "PC2", "address": "192.168.1.30:443" }
          ],
          "arrows": [
            { "direction": "in", "nodeIndex": 0 },
            { "direction": "out", "nodeIndex": 1 },
            { "direction": "out", "nodeIndex": 2 }
          ],
          "destName": "192.168.1.30:443",
          "destNode": 2,
          "protocol": "",
          "isBlocked": true,
          "sourceName": "145.17.83.6:443",
          "sourceNode": 0,
          "backgroundPath": "resources/simulation/firewall/backgrounds/packet7.svg"
        }
      ]
    },
    "max_score": null,
    "rationale": null,
    "description": "",
    "previous_id": null,
    "content_area": "QA",
    "created_date": "2021-09-10T22:03:00.212183+00:00",
    "created_user": "User Two",
    "item_type_id": 3000091,
    "scoring_data": null,
    "content_codes": ["QA.RL.3"],
    "revision_text": "",
    "task_user_ids": null,
    "framework_type": "KS-Technology",
    "item_type_code": "FIREWALL",
    "item_type_name": "Firewall Simulation",
    "scoring_needed": null,
    "workflow_tasks": null,
    "workflow_users": null,
    "attributes_list": [
      {
        "group_info": {
          "grade_id": 146,
          "content_area_id": 3000008,
          "framework_type_id": 3000072
        },
        "content_codes": [
          {
            "id": 3009395,
            "selection": true,
            "is_primary": true,
            "is_secondary": false
          }
        ],
        "testing_program": [81],
        "cognitive_category": 3000136,
        "cognitive_taxonomy": 282
      }
    ],
    "cluster_scoring": null,
    "content_area_id": 3000008,
    "created_user_id": 2,
    "previous_source": null,
    "testing_program": "Benchmark",
    "variant_type_id": 1,
    "workflow_status": null,
    "content_code_ids": [3009395],
    "item_status_code": "approved",
    "item_status_name": "Approved",
    "workflow_task_id": null,
    "workflow_user_id": null,
    "framework_type_id": 3000072,
    "is_latest_version": true,
    "readable_response": null,
    "scoring_method_id": null,
    "testing_program_id": "81",
    "workflow_task_skip": null,
    "scoring_method_code": null,
    "workflow_content_id": null,
    "workflow_process_id": null,
    "accessibility_details": null,
    "assessment_program_id": 196991,
    "workflow_content_type": null,
    "workflow_graphic_path": null,
    "workflow_process_name": null,
    "assessment_program_ids": null,
    "assessment_program_code": null,
    "item_type_category_code": "simulation",
    "item_type_category_name": "Simulation",
    "workflow_content_type_id": null,
    "workflow_content_user_ids": null,
    "workflow_process_description": null
  }
}
