{
  "item": {
    "id": 3001412,
    "name": "Multiple Choice - Single - True False",
    "grade": "Grade 1",
    "status": 3000152,
    "version": 10,
    "grade_id": 144,
    "is_locked": false,
    "item_json": {
      "uuid": "fff47c-274d-a330-3b28-305805324c6f",
      "shuffle": false,
      "feedback": true,
      "optionList": [
        {
          "id": "a344610-80e1-6a2a-75ae-1aaa256758a",
          "optionText": "<p id=\"cb-519771-8-24-4\">Option 1</p>\n"
        },
        {
          "id": "76c0bc7-4cd-aa-13e5-0e6f28c1b52",
          "optionText": "<p id=\"cb-759865-2-12-4\">Option 2</p>\n"
        },
        {
          "id": "ab1ed-634c-d13-5c5a-c40825cac62",
          "optionText": "<p id=\"cb-233008-1-29-4\">Option 3</p>\n"
        },
        {
          "id": "ab3a7ff-8347-8b74-d57a-effafca2272f",
          "optionText": "<p id=\"cb-674211-7-84-4\">Option 4</p>\n"
        }
      ],
      "stemContent": "<p id=\"cb-425458-5-35-4\">Multiple Choice - Single</p>",
      "itemTypeCode": "MC",
      "minItemWidth": 0,
      "feedbackList": [
        {
          "id": "a344610-80e1-6a2a-75ae-1aaa256758a",
          "feedbackText": "<p id=\"cb-425727-10-7\">Sample</p>\n"
        },
        {
          "id": "76c0bc7-4cd-aa-13e5-0e6f28c1b52",
          "feedbackText": "<p id=\"cb-484990-0-62\">Sample</p>\n"
        },
        {
          "id": "ab1ed-634c-d13-5c5a-c40825cac62",
          "feedbackText": ""
        },
        {
          "id": "ab3a7ff-8347-8b74-d57a-effafca2272f",
          "feedbackText": ""
        }
      ],
      "minItemHeight": 0,
      "maxSelections": 1,
      "minSelections": 0,
      "responseLabels": "No Response Label",
      "selectionType": "single",
      "answerAlignment": "horizontal",
      "correctResponse": []
    },
    "max_score": 1,
    "rationale": {
      "optionList": [
        {
          "id": "a344610-80e1-6a2a-75ae-1aaa256758a",
          "rationaleText": ""
        },
        {
          "id": "76c0bc7-4cd-aa-13e5-0e6f28c1b52",
          "rationaleText": ""
        },
        {
          "id": "ab1ed-634c-d13-5c5a-c40825cac62",
          "rationaleText": ""
        },
        {
          "id": "ab3a7ff-8347-8b74-d57a-effafca2272f",
          "rationaleText": ""
        }
      ]
    },
    "description": "",
    "previous_id": null,
    "content_area": "English Language Arts",
    "created_date": "2021-09-23T14:29:25.710689+00:00",
    "created_user": "User One",
    "item_type_id": 3000097,
    "scoring_data": {
      "correctResponse": {
        "score": 1,
        "responses": [
          {
            "index": 0,
            "responseid": "a344610-80e1-6a2a-75ae-1aaa256758a"
          }
        ]
      }
    },
    "content_codes": [null],
    "revision_text": "",
    "task_user_ids": null,
    "framework_type": "CCSS-ELA",
    "item_type_name": "Multiple Choice",
    "scoring_needed": true,
    "workflow_tasks": null,
    "workflow_users": null,
    "attributes_list": [
      {
        "group_info": {
          "grade_id": 144,
          "content_area_id": 85,
          "framework_type_id": 139
        },
        "content_codes": [],
        "cognitive_category": 3000494,
        "cognitive_taxonomy": 285
      }
    ],
    "cluster_scoring": false,
    "content_area_id": 85,
    "created_user_id": 1,
    "previous_source": null,
    "testing_program": null,
    "variant_type_id": 1,
    "workflow_status": null,
    "content_code_ids": [null],
    "item_status_code": "draft",
    "item_status_name": "Draft",
    "workflow_task_id": null,
    "workflow_user_id": null,
    "framework_type_id": 139,
    "is_latest_version": true,
    "readableResponse": "\"Testin\"",
    "scoring_method_id": 3000142,
    "testing_program_id": null,
    "workflow_task_skip": null,
    "workflow_content_id": null,
    "workflow_process_id": null,
    "accessibility_details": null,
    "assessment_program_id": 15009,
    "workflow_content_type": null,
    "workflow_graphic_path": null,
    "workflow_process_name": null,
    "assessment_program_ids": null,
    "assessment_program_code": null,
    "item_type_category_code": "question",
    "item_type_category_name": "Question",
    "workflow_content_type_id": null,
    "workflow_content_user_ids": null,
    "workflow_process_description": null
  }
}
