{
  "item": {
    "id": 3001552,
    "name": "QA_MCMS_10.6.21",
    "grade": "Grade 3",
    "status": 3000427,
    "version": 22,
    "grade_id": 146,
    "is_locked": false,
    "item_json": {
      "uuid": "3c0e632-4fa-a6ff-1f58-b1cad31bcff2",
      "shuffle": true,
      "feedback": true,
      "optionList": [
        {
          "id": "8814f56-3adc-a35-6554-cceb6ef7cfc2",
          "optionText": "<p id=\"cb-949629-6-55-7\">Trapezoid</p>\n"
        },
        {
          "id": "1bea8bd-f432-b2e1-2205-a6d6adc78de",
          "optionText": "<p id=\"cb-168278-4-84-7\">Rhombus</p>\n"
        },
        {
          "id": "02270c0-642b-6cea-fe6a-02c107616ee6",
          "optionText": "<p id=\"cb-710978-0-15-7\">Rectangle</p>\n"
        },
        {
          "id": "22bfbdf-32b5-3bcb-c-26eccc1a3",
          "optionText": "<p id=\"cb-66291-2-16-7\">Square</p>\n"
        },
        {
          "id": "4e4b438-8e7a-b4-8610-3c4501778dd",
          "optionText": "<p id=\"cb-316727-6-4-7\">Triangle</p>\n"
        },
        {
          "id": "f817c7b-8747-d226-76df-b8fc3c63bc0",
          "optionText": "<p id=\"cb-898804-9-3-7\">Quadrilateral</p>\n"
        },
        {
          "id": "c0d1de-c061-574f-ce6e-15d0ce25e0",
          "optionText": "<p id=\"cb-629417-8-91-7\">Circle</p>\n"
        }
      ],
      "stemContent": "<p id=\"cb-425458-5-35-7\">Multiple Choice - Multi Select - Stacked Z</p>",
      "itemTypeCode": "MC",
      "minItemWidth": 0,
      "feedbackList": [
        {
          "id": "8814f56-3adc-a35-6554-cceb6ef7cfc2",
          "feedbackText": "<p id=\"cb-844765-3-5\">feedback 1</p>\n"
        },
        {
          "id": "1bea8bd-f432-b2e1-2205-a6d6adc78de",
          "feedbackText": "<p id=\"cb-270083-2-78\">feedback 2</p>\n"
        },
        {
          "id": "02270c0-642b-6cea-fe6a-02c107616ee6",
          "feedbackText": "<p id=\"cb-820312-2-61\">feedback 3</p>\n"
        },
        {
          "id": "22bfbdf-32b5-3bcb-c-26eccc1a3",
          "feedbackText": "<p id=\"cb-666884-1-86\">feedback 4</p>\n"
        },
        {
          "id": "4e4b438-8e7a-b4-8610-3c4501778dd",
          "feedbackText": "<p id=\"cb-910280-1-61\">feedback 5</p>\n"
        },
        {
          "id": "f817c7b-8747-d226-76df-b8fc3c63bc0",
          "feedbackText": "<p id=\"cb-126991-10-84\">feedback 6</p>\n"
        },
        {
          "id": "c0d1de-c061-574f-ce6e-15d0ce25e0",
          "feedbackText": "<p id=\"cb-58680-6-72\">feedback 7</p>\n"
        }
      ],
      "minItemHeight": 0,
      "maxSelections": 6,
      "minSelections": 0,
      "responseLabels": "Letters",
      "selectionType": "multiple",
      "answerAlignment": "stacked_z",
      "correctResponse": [
        {
          "id": "8814f56-3adc-a35-6554-cceb6ef7cfc2",
          "value": false
        },
        {
          "id": "1bea8bd-f432-b2e1-2205-a6d6adc78de",
          "value": true
        },
        {
          "id": "02270c0-642b-6cea-fe6a-02c107616ee6",
          "value": true
        },
        {
          "id": "22bfbdf-32b5-3bcb-c-26eccc1a3",
          "value": true
        },
        {
          "id": "4e4b438-8e7a-b4-8610-3c4501778dd",
          "value": false
        },
        {
          "id": "f817c7b-8747-d226-76df-b8fc3c63bc0",
          "value": false
        },
        {
          "id": "c0d1de-c061-574f-ce6e-15d0ce25e0",
          "value": false
        }
      ]
    },
    "max_score": 2,
    "rationale": {
      "optionList": [
        {
          "id": "8814f56-3adc-a35-6554-cceb6ef7cfc2",
          "rationaleText": "<p id=\"cb-76815-9-49\">rational 1</p>\n"
        },
        {
          "id": "1bea8bd-f432-b2e1-2205-a6d6adc78de",
          "rationaleText": "<p id=\"cb-392444-9-39\">rationale 2</p>\n"
        },
        {
          "id": "02270c0-642b-6cea-fe6a-02c107616ee6",
          "rationaleText": "<p id=\"cb-476884-2-84\">rationale 3</p>\n"
        },
        {
          "id": "22bfbdf-32b5-3bcb-c-26eccc1a3",
          "rationaleText": "<p id=\"cb-202116-2-50\">rationale 4</p>\n"
        },
        {
          "id": "4e4b438-8e7a-b4-8610-3c4501778dd",
          "rationaleText": "<p id=\"cb-160436-1-32\">rationale 5</p>\n"
        },
        {
          "id": "f817c7b-8747-d226-76df-b8fc3c63bc0",
          "rationaleText": "<p id=\"cb-133553-2-87\">rationale 6</p>\n"
        },
        {
          "id": "c0d1de-c061-574f-ce6e-15d0ce25e0",
          "rationaleText": "<p id=\"cb-234111-1-14\">rationale 7</p>\n"
        }
      ]
    },
    "description": "",
    "previous_id": null,
    "content_area": "Mathematics",
    "created_date": "2021-10-07T20:22:49.922242+00:00",
    "created_user": "Erin Minor",
    "item_type_id": 3000097,
    "scoring_data": {
      "correctResponse": {
        "score": 2,
        "responses": [
          {
            "index": 0,
            "responseid": "1bea8bd-f432-b2e1-2205-a6d6adc78de"
          },
          {
            "index": 1,
            "responseid": "02270c0-642b-6cea-fe6a-02c107616ee6"
          },
          {
            "index": 2,
            "responseid": "22bfbdf-32b5-3bcb-c-26eccc1a3"
          }
        ]
      },
      "all_responses_zero": true,
      "multiTrueFalseResponses": [
        {
          "index": 0,
          "score": 0.2857,
          "select": false,
          "responseid": "8814f56-3adc-a35-6554-cceb6ef7cfc2"
        },
        {
          "index": 1,
          "score": 0.2857,
          "select": true,
          "responseid": "1bea8bd-f432-b2e1-2205-a6d6adc78de"
        },
        {
          "index": 2,
          "score": 0.2857,
          "select": true,
          "responseid": "02270c0-642b-6cea-fe6a-02c107616ee6"
        },
        {
          "index": 3,
          "score": 0.2857,
          "select": true,
          "responseid": "22bfbdf-32b5-3bcb-c-26eccc1a3"
        },
        {
          "index": 4,
          "score": 0.2857,
          "select": false,
          "responseid": "4e4b438-8e7a-b4-8610-3c4501778dd"
        },
        {
          "index": 5,
          "score": 0.2857,
          "select": false,
          "responseid": "f817c7b-8747-d226-76df-b8fc3c63bc0"
        },
        {
          "index": 6,
          "score": 0.2857,
          "select": false,
          "responseid": "c0d1de-c061-574f-ce6e-15d0ce25e0"
        }
      ]
    },
    "content_codes": [
      "M.3.NBT",
      "M.3.NF",
      "M.3.MD",
      "M.3.NBT",
      "M.3.NF",
      "M.3.MD",
      "M.3.NBT",
      "M.3.NF",
      "M.3.MD"
    ],
    "revision_text": "",
    "task_user_ids": null,
    "framework_type": "KS 2017 Math",
    "item_type_name": "Multiple Choice",
    "scoring_needed": true,
    "workflow_tasks": null,
    "workflow_users": null,
    "attributes_list": [
      {
        "group_info": {
          "grade_id": 146,
          "content_area_id": 84,
          "framework_type_id": 657
        },
        "item_usage": 3000134,
        "content_codes": [
          {
            "id": 33226,
            "selection": true,
            "is_primary": true,
            "is_secondary": false
          },
          {
            "id": 33228,
            "selection": true,
            "is_primary": false,
            "is_secondary": false
          },
          {
            "id": 33230,
            "selection": true,
            "is_primary": false,
            "is_secondary": false
          }
        ],
        "math_practices": [
          {
            "id": 3000414,
            "selection": true,
            "is_primary": false,
            "is_secondary": false
          }
        ],
        "attributes_list": [
          {
            "tags": ["MCMS 10.6.21"]
          }
        ],
        "testing_program": [80, 83, 82],
        "cognitive_category": 3000493,
        "cognitive_taxonomy": 285,
        "estimate_difficulty": 386
      },
      {
        "group_info": {
          "grade_id": 146,
          "content_area_id": 84,
          "framework_type_id": 657
        },
        "item_usage": 3000134,
        "content_codes": [
          {
            "id": 33226,
            "selection": true,
            "is_primary": true,
            "is_secondary": false
          },
          {
            "id": 33228,
            "selection": true,
            "is_primary": false,
            "is_secondary": false
          },
          {
            "id": 33230,
            "selection": true,
            "is_primary": false,
            "is_secondary": false
          }
        ],
        "math_practices": [
          {
            "id": 3000414,
            "selection": true,
            "is_primary": false,
            "is_secondary": false
          }
        ],
        "attributes_list": [
          {
            "tags": ["MCMS 10.6.21"]
          }
        ],
        "testing_program": [80, 83, 82],
        "cognitive_category": 3000493,
        "cognitive_taxonomy": 285,
        "estimate_difficulty": 386
      },
      {
        "group_info": {
          "grade_id": 146,
          "content_area_id": 84,
          "framework_type_id": 657
        },
        "item_usage": 3000134,
        "content_codes": [
          {
            "id": 33226,
            "selection": true,
            "is_primary": true,
            "is_secondary": false
          },
          {
            "id": 33228,
            "selection": true,
            "is_primary": false,
            "is_secondary": false
          },
          {
            "id": 33230,
            "selection": true,
            "is_primary": false,
            "is_secondary": false
          }
        ],
        "math_practices": [
          {
            "id": 3000414,
            "selection": true,
            "is_primary": false,
            "is_secondary": false
          }
        ],
        "attributes_list": [
          {
            "tags": ["MCMS 10.6.21"]
          }
        ],
        "testing_program": [80, 83, 82],
        "cognitive_category": 3000493,
        "cognitive_taxonomy": 285,
        "estimate_difficulty": 386
      },
      {
        "group_info": {
          "grade_id": 146,
          "content_area_id": 84,
          "framework_type_id": 657
        },
        "item_usage": 3000134,
        "content_codes": [
          {
            "id": 33226,
            "selection": true,
            "is_primary": true,
            "is_secondary": false
          },
          {
            "id": 33228,
            "selection": true,
            "is_primary": false,
            "is_secondary": false
          },
          {
            "id": 33230,
            "selection": true,
            "is_primary": false,
            "is_secondary": false
          }
        ],
        "math_practices": [
          {
            "id": 3000414,
            "selection": true,
            "is_primary": false,
            "is_secondary": false
          }
        ],
        "attributes_list": [
          {
            "tags": ["MCMS 10.6.21"]
          }
        ],
        "testing_program": [80, 83, 82],
        "cognitive_category": 3000493,
        "cognitive_taxonomy": 285,
        "estimate_difficulty": 386
      },
      {
        "group_info": {
          "grade_id": 146,
          "content_area_id": 84,
          "framework_type_id": 657
        },
        "item_usage": 3000134,
        "content_codes": [
          {
            "id": 33226,
            "selection": true,
            "is_primary": true,
            "is_secondary": false
          },
          {
            "id": 33228,
            "selection": true,
            "is_primary": false,
            "is_secondary": false
          },
          {
            "id": 33230,
            "selection": true,
            "is_primary": false,
            "is_secondary": false
          }
        ],
        "math_practices": [
          {
            "id": 3000414,
            "selection": true,
            "is_primary": false,
            "is_secondary": false
          }
        ],
        "attributes_list": [
          {
            "tags": ["MCMS 10.6.21"]
          }
        ],
        "testing_program": [80, 83, 82],
        "cognitive_category": 3000493,
        "cognitive_taxonomy": 285,
        "estimate_difficulty": 386
      },
      {
        "group_info": {
          "grade_id": 146,
          "content_area_id": 84,
          "framework_type_id": 657
        },
        "item_usage": 3000134,
        "content_codes": [
          {
            "id": 33226,
            "selection": true,
            "is_primary": true,
            "is_secondary": false
          },
          {
            "id": 33228,
            "selection": true,
            "is_primary": false,
            "is_secondary": false
          },
          {
            "id": 33230,
            "selection": true,
            "is_primary": false,
            "is_secondary": false
          }
        ],
        "math_practices": [
          {
            "id": 3000414,
            "selection": true,
            "is_primary": false,
            "is_secondary": false
          }
        ],
        "attributes_list": [
          {
            "tags": ["MCMS 10.6.21"]
          }
        ],
        "testing_program": [80, 83, 82],
        "cognitive_category": 3000493,
        "cognitive_taxonomy": 285,
        "estimate_difficulty": 386
      },
      {
        "group_info": {
          "grade_id": 146,
          "content_area_id": 84,
          "framework_type_id": 657
        },
        "item_usage": 3000134,
        "content_codes": [
          {
            "id": 33226,
            "selection": true,
            "is_primary": true,
            "is_secondary": false
          },
          {
            "id": 33228,
            "selection": true,
            "is_primary": false,
            "is_secondary": false
          },
          {
            "id": 33230,
            "selection": true,
            "is_primary": false,
            "is_secondary": false
          }
        ],
        "math_practices": [
          {
            "id": 3000414,
            "selection": true,
            "is_primary": false,
            "is_secondary": false
          }
        ],
        "attributes_list": [
          {
            "tags": ["MCMS 10.6.21"]
          }
        ],
        "testing_program": [80, 83, 82],
        "cognitive_category": 3000493,
        "cognitive_taxonomy": 285,
        "estimate_difficulty": 386
      },
      {
        "group_info": {
          "grade_id": 146,
          "content_area_id": 84,
          "framework_type_id": 657
        },
        "item_usage": 3000134,
        "content_codes": [
          {
            "id": 33226,
            "selection": true,
            "is_primary": true,
            "is_secondary": false
          },
          {
            "id": 33228,
            "selection": true,
            "is_primary": false,
            "is_secondary": false
          },
          {
            "id": 33230,
            "selection": true,
            "is_primary": false,
            "is_secondary": false
          }
        ],
        "math_practices": [
          {
            "id": 3000414,
            "selection": true,
            "is_primary": false,
            "is_secondary": false
          }
        ],
        "attributes_list": [
          {
            "tags": ["MCMS 10.6.21"]
          }
        ],
        "testing_program": [80, 83, 82],
        "cognitive_category": 3000493,
        "cognitive_taxonomy": 285,
        "estimate_difficulty": 386
      },
      {
        "group_info": {
          "grade_id": 146,
          "content_area_id": 84,
          "framework_type_id": 657
        },
        "item_usage": 3000134,
        "content_codes": [
          {
            "id": 33226,
            "selection": true,
            "is_primary": true,
            "is_secondary": false
          },
          {
            "id": 33228,
            "selection": true,
            "is_primary": false,
            "is_secondary": false
          },
          {
            "id": 33230,
            "selection": true,
            "is_primary": false,
            "is_secondary": false
          }
        ],
        "math_practices": [
          {
            "id": 3000414,
            "selection": true,
            "is_primary": false,
            "is_secondary": false
          }
        ],
        "attributes_list": [
          {
            "tags": ["MCMS 10.6.21"]
          }
        ],
        "testing_program": [80, 83, 82],
        "cognitive_category": 3000493,
        "cognitive_taxonomy": 285,
        "estimate_difficulty": 386
      }
    ],
    "cluster_scoring": false,
    "content_area_id": 84,
    "created_user_id": 1002853,
    "previous_source": null,
    "testing_program": "Interim,Interim,Interim,Practice,Practice,Practice,Summative,Summative,Summative",
    "variant_type_id": 1,
    "workflow_status": null,
    "content_code_ids": [
      33226, 33228, 33230, 33226, 33228, 33230, 33226, 33228, 33230
    ],
    "item_status_code": "final",
    "item_status_name": "Final",
    "workflow_task_id": null,
    "workflow_user_id": null,
    "framework_type_id": 657,
    "is_latest_version": true,
    "readableResponse": "\"Rhombus\"\n\n\"Rectangle\"\n\n\"Square\"",
    "scoring_method_id": 3000144,
    "testing_program_id": "80,80,80,83,83,83,82,82,82",
    "workflow_task_skip": null,
    "workflow_content_id": null,
    "workflow_process_id": null,
    "accessibility_details": null,
    "assessment_program_id": 15009,
    "workflow_content_type": null,
    "workflow_graphic_path": null,
    "workflow_process_name": null,
    "assessment_program_ids": null,
    "assessment_program_code": null,
    "item_type_category_code": "question",
    "item_type_category_name": "Question",
    "workflow_content_type_id": null,
    "workflow_content_user_ids": null,
    "workflow_process_description": null
  }
}
