{
  "item": {
    "id": 3001477,
    "name": "Labeling_10571",
    "grade": "Grade 3",
    "status": 3000152,
    "user_id": 1002853,
    "version": 3,
    "grade_id": 146,
    "is_locked": false,
    "item_json": {
      "uuid": "b8d3ea-7b45-fceb-fe8d-b7b3b8bc3d20",
      "stemContent": "<p id=\"cb-538945-2-44\">Label the expressions as rational or irrational.</p>\n",
      "answerGroups": [
        {
          "id": "abc5beb-fe45-a2e-c8cf-da4fc8d078",
          "index": 0,
          "title": "",
          "options": [
            {
              "id": "5ff788e-ac70-dd0-ee-8d606882c4d5",
              "index": 0,
              "textHtml": "<p id=\"cb-545641-3-11\">Rational</p>\n"
            },
            {
              "id": "c7f3a1-711c-dfb3-d41f-52ee2dbbad76",
              "index": 1,
              "textHtml": "<p id=\"cb-803483-7-52\">Irrational</p>\n"
            }
          ]
        }
      ],
      "itemTypeCode": "LBNG",
      "minItemWidth": 0,
      "dropZoneWidth": 150,
      "minItemHeight": 0,
      "dropZoneHeight": 30,
      "questionLayout": [
        {
          "id": "48e260-8d0d-eaee-2df3-ffcdbc1b4846",
          "index": 0,
          "heading": "",
          "options": [
            {
              "id": "1ab8806-a5b-a13b-24ad-e38bb7538e1",
              "index": 0,
              "isDrop": false,
              "textHtml": "<p id=\"cb-558627-1-2\"><span class=\"math-tex\"><math xmlns=\"http://www.w3.org/1998/Math/MathML\"><mfrac><mn>1</mn><mn>3</mn></mfrac></math></span></p>\n"
            },
            {
              "id": "357c38-fcca-8577-7f63-801a5e21327",
              "index": 1,
              "isDrop": false,
              "textHtml": "<p id=\"cb-788479-2-68\"><span class=\"math-tex\"><math xmlns=\"http://www.w3.org/1998/Math/MathML\"><mrow><mroot><mn>6</mn><mn>3</mn></mroot><mo>+</mo><mroot><mn>3</mn><mn>3</mn></mroot></mrow></math></span></p>\n"
            },
            {
              "id": "c1f167b-c0f1-501d-465-afae2f154afa",
              "index": 2,
              "isDrop": false,
              "textHtml": "<p id=\"cb-473845-9-54\"><span class=\"math-tex\"><math xmlns=\"http://www.w3.org/1998/Math/MathML\"><msqrt><mn>9</mn></msqrt></math></span></p>\n"
            },
            {
              "id": "d08ae68-8165-e421-e30-76bfe145df50",
              "index": 3,
              "isDrop": false,
              "textHtml": "<p id=\"cb-305373-8-14\"><span class=\"math-tex\"><math xmlns=\"http://www.w3.org/1998/Math/MathML\"><mrow><mroot><mn>20</mn><mn>4</mn></mroot><mo>−</mo><mroot><mn>4</mn><mn>4</mn></mroot></mrow></math></span></p>\n"
            }
          ],
          "linkedGroup": null,
          "linkedGroupId": ""
        },
        {
          "id": "06c5463-10e1-5e86-cd40-7727022b5d1",
          "index": 1,
          "heading": "",
          "options": [
            {
              "id": "718f81c-76a6-70bd-660b-5c183560c48e",
              "index": 0,
              "isDrop": true,
              "textHtml": "Drop Zone"
            },
            {
              "id": "a2c1532-18ee-145-438b-5c1e6c0d0bb4",
              "index": 1,
              "isDrop": true,
              "textHtml": "Drop Zone"
            },
            {
              "id": "5b2ea8d-a78-a8e2-1e5f-f56ede2c76",
              "index": 2,
              "isDrop": true,
              "textHtml": "Drop Zone"
            },
            {
              "id": "5b71481-0ac6-f04d-0661-c4adf4c7b5b",
              "index": 3,
              "isDrop": true,
              "textHtml": "Drop Zone"
            }
          ],
          "linkedGroup": 0,
          "linkedGroupId": ""
        }
      ],
      "correctResponse": [
        {
          "dropId": "718f81c-76a6-70bd-660b-5c183560c48e",
          "foilId": "5ff788e-ac70-dd0-ee-8d606882c4d5"
        },
        {
          "dropId": "5b2ea8d-a78-a8e2-1e5f-f56ede2c76",
          "foilId": "5ff788e-ac70-dd0-ee-8d606882c4d5"
        },
        {
          "dropId": "a2c1532-18ee-145-438b-5c1e6c0d0bb4",
          "foilId": "c7f3a1-711c-dfb3-d41f-52ee2dbbad76"
        },
        {
          "dropId": "5b71481-0ac6-f04d-0661-c4adf4c7b5b",
          "foilId": "c7f3a1-711c-dfb3-d41f-52ee2dbbad76"
        }
      ],
      "reusableAnswers": true,
      "answerGroupLocation": "LBNG_TOP",
      "answerGroupOrientation": "LBNG_HORIZONTAL"
    },
    "max_score": 1,
    "rationale": {
      "optionList": [
        { "id": "abc5beb-fe45-a2e-c8cf-da4fc8d078", "rationaleText": "" }
      ]
    },
    "description": "",
    "previous_id": null,
    "content_area": "QA",
    "created_date": "2021-09-29T21:25:55.017846+00:00",
    "created_user": "Erin Minor",
    "item_type_id": 3000389,
    "scoring_data": {
      "correctResponse": {
        "score": 1,
        "responses": [
          {
            "index": 0,
            "responseid": {
              "dropId": "718f81c-76a6-70bd-660b-5c183560c48e",
              "foilId": "5ff788e-ac70-dd0-ee-8d606882c4d5"
            }
          },
          {
            "index": 1,
            "responseid": {
              "dropId": "5b2ea8d-a78-a8e2-1e5f-f56ede2c76",
              "foilId": "5ff788e-ac70-dd0-ee-8d606882c4d5"
            }
          },
          {
            "index": 2,
            "responseid": {
              "dropId": "a2c1532-18ee-145-438b-5c1e6c0d0bb4",
              "foilId": "c7f3a1-711c-dfb3-d41f-52ee2dbbad76"
            }
          },
          {
            "index": 3,
            "responseid": {
              "dropId": "5b71481-0ac6-f04d-0661-c4adf4c7b5b",
              "foilId": "c7f3a1-711c-dfb3-d41f-52ee2dbbad76"
            }
          }
        ]
      },
      "partialResponses": [
        {
          "index": 0,
          "quota": "-1",
          "score": "0.2500",
          "responseid": {
            "dropId": "718f81c-76a6-70bd-660b-5c183560c48e",
            "foilId": "5ff788e-ac70-dd0-ee-8d606882c4d5"
          },
          "correctResponseFlag": true
        },
        {
          "index": 1,
          "quota": "-1",
          "score": "0.2500",
          "responseid": {
            "dropId": "5b2ea8d-a78-a8e2-1e5f-f56ede2c76",
            "foilId": "5ff788e-ac70-dd0-ee-8d606882c4d5"
          },
          "correctResponseFlag": true
        },
        {
          "index": 2,
          "quota": "-1",
          "score": "0.2500",
          "responseid": {
            "dropId": "a2c1532-18ee-145-438b-5c1e6c0d0bb4",
            "foilId": "c7f3a1-711c-dfb3-d41f-52ee2dbbad76"
          },
          "correctResponseFlag": true
        },
        {
          "index": 3,
          "quota": "-1",
          "score": "0.2500",
          "responseid": {
            "dropId": "5b71481-0ac6-f04d-0661-c4adf4c7b5b",
            "foilId": "c7f3a1-711c-dfb3-d41f-52ee2dbbad76"
          },
          "correctResponseFlag": true
        }
      ]
    },
    "content_codes": ["QA.RL.3"],
    "revision_text": "",
    "task_user_ids": null,
    "framework_type": "KS-Technology",
    "item_type_code": "LBNG",
    "item_type_name": "Labeling",
    "scoring_needed": true,
    "workflow_tasks": null,
    "workflow_users": null,
    "attributes_list": [
      {
        "group_info": {
          "grade_id": 146,
          "content_area_id": 3000008,
          "framework_type_id": 3000072
        },
        "item_usage": 3000129,
        "content_codes": [
          {
            "id": 3009395,
            "selection": true,
            "is_primary": true,
            "is_secondary": false
          }
        ],
        "testing_program": [83],
        "cognitive_category": 3000135,
        "cognitive_taxonomy": 282,
        "estimate_difficulty": 385
      }
    ],
    "cluster_scoring": false,
    "content_area_id": 3000008,
    "created_user_id": 1002853,
    "previous_source": null,
    "testing_program": "Practice",
    "variant_type_id": 1,
    "workflow_status": null,
    "content_code_ids": [3009395],
    "item_status_code": "draft",
    "item_status_name": "Draft",
    "workflow_task_id": null,
    "workflow_user_id": null,
    "framework_type_id": 3000072,
    "is_latest_version": true,
    "readable_response": "\"Response:\"1\" \"Irrational\n\n\"Response:\"2\" \"Irrational\n\n\"Response:\"3\" \"Irrational\n\n\"Response:\"4\" \"Irrational",
    "scoring_method_id": 3000146,
    "testing_program_id": "83",
    "workflow_task_skip": null,
    "scoring_method_code": "partial_credit",
    "workflow_content_id": null,
    "workflow_process_id": null,
    "accessibility_details": null,
    "assessment_program_id": 196991,
    "workflow_content_type": null,
    "workflow_graphic_path": null,
    "workflow_process_name": null,
    "assessment_program_ids": null,
    "assessment_program_code": null,
    "item_type_category_code": "question",
    "item_type_category_name": "Question",
    "workflow_content_type_id": null,
    "workflow_content_user_ids": null,
    "workflow_process_description": null
  }
}
