{
  "item": {
    "id": 4000108,
    "name": "Demo",
    "grade": null,
    "status": 68,
    "user_id": 1,
    "version": 1,
    "grade_id": null,
    "is_locked": false,
    "item_json": {
      "uuid": "5bc274c-88ee-b2fa-6cea-28ae35ae5a7",
      "optionList": [
        {
          "id": "5c3c65c-8b01-1ed7-3332-c5c10ccf01db",
          "index": 0,
          "optionText": "passage"
        },
        {
          "id": "3f0630-18ae-5dc-68f2-24c8fb0f6f6",
          "index": 1,
          "optionText": "content"
        },
        {
          "id": "cac30b4-c8b7-f23e-cc4f-44f1ea428f75",
          "index": 2,
          "optionText": "data"
        },
        {
          "id": "b68c0aa-a1be-6513-b0ed-5c24ad472df",
          "index": 3,
          "optionText": "hello"
        },
        {
          "id": "d827be-347a-502f-4fa4-28a85bce8af",
          "index": 4,
          "optionText": "world"
        }
      ],
      "stemContent": "<p>Stem Content</p>",
      "itemTypeCode": "ST",
      "minItemWidth": 6,
      "minItemHeight": 6,
      "borderAtStart": "RED",
      "borderOnHover": "NONE",
      "borderOnSelect": "BLACK",
      "highlightAtStart": "BLACK",
      "highlightOnHover": "NONE",
      "highlightOnSelect": "NONE",
      "selectionType": "WORDS",
      "passageContent": "<p>passage content data</p><p>hello world</p>",
      "correctResponse": [
        {
          "id": "5c3c65c-8b01-1ed7-3332-c5c10ccf01db",
          "value": true
        },
        {
          "id": "3f0630-18ae-5dc-68f2-24c8fb0f6f6",
          "value": false
        },
        {
          "id": "cac30b4-c8b7-f23e-cc4f-44f1ea428f75",
          "value": false
        },
        {
          "id": "b68c0aa-a1be-6513-b0ed-5c24ad472df",
          "value": true
        },
        {
          "id": "d827be-347a-502f-4fa4-28a85bce8af",
          "value": false
        }
      ],
      "boldedBorderOnSelect": false,
      "maxResponseSelection": "2"
    },
    "max_score": 1,
    "rationale": {
      "id": "6b883a3-c6b-7466-02e3-66df556e508",
      "rationaleText": "<p>rationale</p>"
    },
    "description": "",
    "previous_id": null,
    "content_area": null,
    "created_date": "2022-02-23T06:30:00.369Z",
    "created_user": "User One",
    "item_type_id": 3000144,
    "scoring_data": {
      "correctResponse": {
        "score": 1,
        "responses": [
          {
            "index": 0,
            "responseid": "TWO"
          }
        ]
      }
    },
    "content_codes": [
      null
    ],
    "revision_text": "",
    "task_user_ids": null,
    "framework_type": null,
    "item_type_code": "ST",
    "item_type_name": "Select Text",
    "scoring_needed": true,
    "workflow_tasks": null,
    "workflow_users": null,
    "attributes_list": [
      {
        "group_info": {
          "grade_id": 0,
          "content_area_id": 0,
          "framework_type_id": 0
        },
        "item_usage": 0,
        "content_codes": [],
        "math_practices": 0,
        "testing_program": [],
        "cognitive_category": 0,
        "cognitive_taxonomy": 0,
        "estimate_difficulty": 0
      }
    ],
    "cluster_scoring": false,
    "content_area_id": null,
    "created_user_id": 1,
    "previous_source": "CONTENT_BUILDER",
    "testing_program": null,
    "variant_type_id": 1,
    "workflow_status": null,
    "content_code_ids": [
      null
    ],
    "item_status_code": "draft",
    "item_status_name": "Draft",
    "workflow_task_id": null,
    "workflow_user_id": null,
    "framework_type_id": null,
    "is_latest_version": true,
    "readable_response": "",
    "scoring_method_id": 3000142,
    "testing_program_id": null,
    "workflow_task_skip": null,
    "scoring_method_code": "correct_only",
    "workflow_content_id": null,
    "workflow_process_id": null,
    "accessibility_details": null,
    "assessment_program_id": 15009,
    "workflow_content_type": null,
    "workflow_graphic_path": null,
    "workflow_process_name": null,
    "assessment_program_ids": null,
    "assessment_program_code": null,
    "item_type_category_code": "question",
    "item_type_category_name": "Question",
    "workflow_content_type_id": null,
    "workflow_content_user_ids": null,
    "workflow_process_description": null
  }
}