{
  "item": {
    "id": 3002021,
    "name": "NC001",
    "grade": "Grade 1",
    "status": 3000152,
    "user_id": 2,
    "version": 1,
    "grade_id": 144,
    "is_locked": false,
    "item_json": {
      "uuid": "556b3e-763b-eb31-4f4c-a8256abb1b0a",
      "stemContent": "<p id=\"cb-168788-1-16\">Number converter stem</p>\n",
      "itemTypeCode": "NC",
      "minItemWidth": 0,
      "minItemHeight": 0,
      "packetAttributes": {
        "data": "<p id=\"cb-19825-5-49\">1001</p>\n",
        "sourcePort": "<p id=\"cb-7918-6-96\">80</p>\n",
        "sourceAddress": "<p id=\"cb-853012-3-39\">192.168.0.1</p>\n",
        "sequenceNumber": "<p id=\"cb-663856-1-57\">1</p>\n",
        "destinationPort": "<p id=\"cb-797925-1-44\">80</p>\n",
        "destinationAddress": "<p id=\"cb-278254-6-58\">192.168.0.2</p>\n"
      },
      "includePacketHeader": true,
      "numberTypeConversion": ["BINARY"]
    },
    "max_score": null,
    "rationale": null,
    "description": "",
    "previous_id": null,
    "content_area": "QA",
    "created_date": "2021-12-08T14:33:37.521286+00:00",
    "created_user": "User Two",
    "item_type_id": 3000102,
    "scoring_data": null,
    "content_codes": [null],
    "revision_text": "",
    "task_user_ids": null,
    "framework_type": null,
    "item_type_code": "NC",
    "item_type_name": "Number Converter",
    "scoring_needed": null,
    "workflow_tasks": null,
    "workflow_users": null,
    "attributes_list": [
      {
        "group_info": { "grade_id": 144, "content_area_id": 3000008 },
        "cognitive_taxonomy": null
      }
    ],
    "cluster_scoring": null,
    "content_area_id": 3000008,
    "created_user_id": 2,
    "previous_source": null,
    "testing_program": null,
    "variant_type_id": 1,
    "workflow_status": null,
    "content_code_ids": [null],
    "item_status_code": "draft",
    "item_status_name": "Draft",
    "workflow_task_id": null,
    "workflow_user_id": null,
    "framework_type_id": null,
    "is_latest_version": true,
    "readable_response": null,
    "scoring_method_id": null,
    "testing_program_id": null,
    "workflow_task_skip": null,
    "scoring_method_code": null,
    "workflow_content_id": null,
    "workflow_process_id": null,
    "accessibility_details": null,
    "assessment_program_id": 196991,
    "workflow_content_type": null,
    "workflow_graphic_path": null,
    "workflow_process_name": null,
    "assessment_program_ids": null,
    "assessment_program_code": null,
    "item_type_category_code": "simulation",
    "item_type_category_name": "Simulation",
    "workflow_content_type_id": null,
    "workflow_content_user_ids": null,
    "workflow_process_description": null
  }
}
