{
  "item": {
    "id": 3000890,
    "name": "Code Submit demo",
    "grade": "Grade 3",
    "status": 3000152,
    "user_id": 2,
    "version": 4,
    "grade_id": 146,
    "is_locked": false,
    "item_json": {
      "uuid": "eab100-f00-0ea-076f-53c8c0bf3c28",
      "theme": "KITE",
      "output": "",
      "language": "JAVA",
      "stemContent": "<p id=\"cb-531869-7-20\">Code Submit&nbsp;<span class=\"math-tex\"><math xmlns=\"http://www.w3.org/1998/Math/MathML\"><mfrac><mn>3</mn><mn>5</mn></mfrac></math></span>abc</p>\n",
      "itemTypeCode": "CSUB",
      "minItemWidth": 0,
      "minItemHeight": 0,
      "responseOption": "1"
    },
    "max_score": 1,
    "rationale": null,
    "description": "",
    "previous_id": null,
    "content_area": "QA",
    "created_date": "2021-09-10T22:00:39.085639+00:00",
    "created_user": "User Two",
    "item_type_id": 3000612,
    "scoring_data": null,
    "content_codes": ["QA.RL.3"],
    "revision_text": "",
    "task_user_ids": null,
    "framework_type": "KS-Technology",
    "item_type_code": "CSUB",
    "item_type_name": "Code Submit",
    "scoring_needed": false,
    "workflow_tasks": null,
    "workflow_users": null,
    "attributes_list": [
      {
        "group_info": {
          "grade_id": 146,
          "content_area_id": 3000008,
          "framework_type_id": 3000072
        },
        "item_usage": 3000129,
        "content_codes": [
          {
            "id": 3009395,
            "selection": true,
            "is_primary": true,
            "is_secondary": false
          }
        ],
        "testing_program": [79],
        "cognitive_category": 3000136,
        "cognitive_taxonomy": 282,
        "estimate_difficulty": 385
      }
    ],
    "cluster_scoring": false,
    "content_area_id": 3000008,
    "created_user_id": 2,
    "previous_source": "",
    "testing_program": "Diagnostic",
    "variant_type_id": 1,
    "workflow_status": null,
    "content_code_ids": [3009395],
    "item_status_code": "draft",
    "item_status_name": "Draft",
    "workflow_task_id": null,
    "workflow_user_id": null,
    "framework_type_id": 3000072,
    "is_latest_version": true,
    "readable_response": "",
    "scoring_method_id": 3000145,
    "testing_program_id": "79",
    "workflow_task_skip": null,
    "scoring_method_code": "no_score",
    "workflow_content_id": null,
    "workflow_process_id": null,
    "accessibility_details": null,
    "assessment_program_id": 196991,
    "workflow_content_type": null,
    "workflow_graphic_path": null,
    "workflow_process_name": null,
    "assessment_program_ids": null,
    "assessment_program_code": null,
    "item_type_category_code": "question",
    "item_type_category_name": "Question",
    "workflow_content_type_id": null,
    "workflow_content_user_ids": null,
    "workflow_process_description": null
  }
}
