{
  "item": {
    "id": 3001807,
    "name": "Tesing Table video prod defect",
    "grade": "Grade 3",
    "status": 3000152,
    "user_id": 1,
    "version": 4,
    "grade_id": 146,
    "is_locked": false,
    "item_json": {
      "uuid": "5a55de-8dae-f33e-dfc-a4152efef6",
      "inputList": [
        {
          "id": "713ba5-0a43-dc36-835b-6ec6d8210fb",
          "index": 0,
          "title": "<p id=\"cb-142295-4-20\">sample</p>\n",
          "options": [
            {
              "id": "68c08e4-74f7-4c64-b6a8-3e2552df683",
              "index": 0,
              "textHtml": "<p id=\"cb-747910-7-85\">1</p>\n"
            },
            {
              "id": "30c4e16-7061-a87f-c12-ee8a07b4eceb",
              "index": 1,
              "textHtml": "<p id=\"cb-392705-9-84\">2</p>\n"
            }
          ]
        },
        {
          "id": "1c3acdf-78ae-771c-52b-e88c0afca5a8",
          "index": 1,
          "title": "<p id=\"cb-15862-1-26\">sample 2</p>\n",
          "options": [
            {
              "id": "c3e4608-1f36-ef43-5e-e8d243c5efe",
              "index": 0,
              "textHtml": "<p id=\"cb-193962-4-34\">3</p>\n"
            },
            {
              "id": "d365107-1514-bb5-3ef5-db1614688f",
              "index": 1,
              "textHtml": "<p id=\"cb-260056-1-99\">2</p>\n"
            }
          ]
        }
      ],
      "outputList": [
        {
          "id": "d8f7f5-d0ed-0a8-7c2b-df781dbfa0",
          "index": 0,
          "textHtml": "<p id=\"cb-508365-1-29\">12</p>\n"
        }
      ],
      "displayTable": false,
      "noOfInputs": 2,
      "noOfOutputs": 1,
      "stemContent": "<p id=\"cb-969477-3-94\">sample</p>\n",
      "itemTypeCode": "TVS",
      "minItemWidth": 0,
      "minItemHeight": 0,
      "defaultMedia": {
        "id": 3001211,
        "url": "/media/196991/3001211/3000930/1/default_media",
        "index": 0,
        "fileName": "default_media",
        "fileType": "png",
        "mediaType": "Media",
        "mediaFormat": "Image/Graphic"
      },
      "optionList": [
        {
          "id": 3001211,
          "url": "/media/196991/3001211/3000930/1/homez9",
          "index": 0,
          "outputs": [
            {
              "label": "<p id=\"cb-508365-1-29\">12</p>\n",
              "value": "<p id=\"cb-798040-5-36\">q</p>\n"
            }
          ],
          "fileName": "homez9",
          "fileType": "png",
          "mediaType": "Media",
          "combination": [
            {
              "id": "68c08e4-74f7-4c64-b6a8-3e2552df683",
              "index": 0,
              "textHtml": "<p id=\"cb-747910-7-85\">1</p>\n"
            },
            {
              "id": "c3e4608-1f36-ef43-5e-e8d243c5efe",
              "index": 0,
              "textHtml": "<p id=\"cb-193962-4-34\">3</p>\n"
            }
          ],
          "mediaFormat": "Image/Graphic"
        },
        {
          "id": 3001203,
          "url": "/media/196991/3001203/3000901/1/spiderman1",
          "index": 1,
          "outputs": [
            {
              "label": "<p id=\"cb-508365-1-29\">12</p>\n",
              "value": "<p id=\"cb-416302-3-4\">2</p>\n"
            }
          ],
          "fileName": "spiderman1",
          "fileType": "png",
          "mediaType": "Media",
          "combination": [
            {
              "id": "68c08e4-74f7-4c64-b6a8-3e2552df683",
              "index": 0,
              "textHtml": "<p id=\"cb-747910-7-85\">1</p>\n"
            },
            {
              "id": "d365107-1514-bb5-3ef5-db1614688f",
              "index": 1,
              "textHtml": "<p id=\"cb-260056-1-99\">2</p>\n"
            }
          ],
          "mediaFormat": "Image/Graphic"
        },
        {
          "id": 3001201,
          "url": "/media/196991/3001201/3000900/1/instagram1",
          "index": 2,
          "outputs": [
            {
              "label": "<p id=\"cb-508365-1-29\">12</p>\n",
              "value": "<p id=\"cb-622612-9-86\">2</p>\n"
            }
          ],
          "fileName": "instagram1",
          "fileType": "png",
          "mediaType": "Media",
          "combination": [
            {
              "id": "30c4e16-7061-a87f-c12-ee8a07b4eceb",
              "index": 1,
              "textHtml": "<p id=\"cb-392705-9-84\">2</p>\n"
            },
            {
              "id": "c3e4608-1f36-ef43-5e-e8d243c5efe",
              "index": 0,
              "textHtml": "<p id=\"cb-193962-4-34\">3</p>\n"
            }
          ],
          "mediaFormat": "Image/Graphic"
        },
        {
          "id": 3001209,
          "url": "/media/196991/3001209/3000922/1/home10",
          "index": 3,
          "outputs": [
            {
              "label": "<p id=\"cb-508365-1-29\">12</p>\n",
              "value": "<p id=\"cb-533836-9-51\">2</p>\n"
            }
          ],
          "fileName": "home10",
          "fileType": "png",
          "mediaType": "Media",
          "combination": [
            {
              "id": "30c4e16-7061-a87f-c12-ee8a07b4eceb",
              "index": 1,
              "textHtml": "<p id=\"cb-392705-9-84\">2</p>\n"
            },
            {
              "id": "d365107-1514-bb5-3ef5-db1614688f",
              "index": 1,
              "textHtml": "<p id=\"cb-260056-1-99\">2</p>\n"
            }
          ],
          "mediaFormat": "Image/Graphic"
        }
      ]
    },
    "max_score": null,
    "rationale": null,
    "description": "",
    "previous_id": null,
    "content_area": "QA",
    "created_date": "2021-10-25T12:53:14.040932+00:00",
    "created_user": "User One",
    "item_type_id": 3000114,
    "scoring_data": null,
    "content_codes": [null],
    "revision_text": "",
    "task_user_ids": null,
    "framework_type": null,
    "item_type_code": "TVS",
    "item_type_name": "Table and Video Simulation",
    "scoring_needed": null,
    "workflow_tasks": null,
    "workflow_users": null,
    "attributes_list": [
      {
        "grade_id": 146,
        "group_info": { "grade_id": 146, "content_area_id": 3000008 },
        "content_area_id": 3000008,
        "testing_program": [83],
        "cognitive_taxonomy": null
      }
    ],
    "cluster_scoring": null,
    "content_area_id": 3000008,
    "created_user_id": 1,
    "previous_source": null,
    "testing_program": "Practice",
    "variant_type_id": 1,
    "workflow_status": null,
    "content_code_ids": [null],
    "item_status_code": "draft",
    "item_status_name": "Draft",
    "workflow_task_id": null,
    "workflow_user_id": null,
    "framework_type_id": null,
    "is_latest_version": true,
    "readable_response": null,
    "scoring_method_id": null,
    "testing_program_id": "83",
    "workflow_task_skip": null,
    "scoring_method_code": null,
    "workflow_content_id": null,
    "workflow_process_id": null,
    "accessibility_details": null,
    "assessment_program_id": 196991,
    "workflow_content_type": null,
    "workflow_graphic_path": null,
    "workflow_process_name": null,
    "assessment_program_ids": null,
    "assessment_program_code": null,
    "item_type_category_code": "simulation",
    "item_type_category_name": "Simulation",
    "workflow_content_type_id": null,
    "workflow_content_user_ids": null,
    "workflow_process_description": null
  }
}
