{
  "item": {
    "id": 3001169,
    "name": "QA_ChemistrySimulation_81721",
    "grade": null,
    "status": 3000427,
    "user_id": 1002854,
    "version": 15,
    "grade_id": null,
    "is_locked": false,
    "item_json": {
      "uuid": "faeaa7-3018-5804-653-45cee06f8d65",
      "itemType": "chemistry-simulation",
      "chemicals": [
        {
          "color": "#EBF4FA",
          "label": "Water",
          "chemicalType": "chemicals-Water"
        },
        {
          "color": "#ccb697",
          "label": "Acetic Acid",
          "chemicalType": "chemicals-Vinegar"
        },
        {
          "color": "#D2E6F9",
          "label": "Hydrochloric Acid",
          "chemicalType": "chemicals-HydroChloricAcid"
        },
        {
          "color": "#D2E6F9",
          "label": "Sodium Hydroxide",
          "chemicalType": "chemicals-SodiumHydroxide"
        },
        {
          "color": "#ffffff",
          "label": "Baking Soda",
          "chemicalType": "chemicals-BakingSoda"
        },
        {
          "color": "#D2E6F9",
          "label": "Calcium Chloride",
          "chemicalType": "chemicals-CalciumChloride"
        }
      ],
      "equipment": [
        { "label": "Flask", "labelKey": "flask_label", "quantity": 5 },
        { "label": "Beaker", "labelKey": "beaker_label", "quantity": 10 },
        { "label": "Test Tube", "labelKey": "testtube_label", "quantity": 2 }
      ],
      "stemContent": "<p id=\"cb-355878-4-70\">I&#39;m able to add math and symbols.</p>\n",
      "itemTypeCode": "CHM",
      "minItemWidth": 0,
      "minItemHeight": 0,
      "recordingEquipment": [
        {
          "equip": "Mass",
          "label": "Mass",
          "keyinObj": "massValue",
          "labelKey": "mass_label"
        },
        {
          "equip": "PH",
          "label": "PH",
          "keyinObj": "phvalue",
          "labelKey": "ph_label"
        }
      ]
    },
    "max_score": null,
    "rationale": null,
    "description": "",
    "previous_id": null,
    "content_area": null,
    "created_date": "2021-08-17T17:02:28.187144+00:00",
    "created_user": "Gabriele Leite",
    "item_type_id": 3000085,
    "scoring_data": null,
    "content_codes": ["QA.RL.1", "QA.RF.1"],
    "revision_text": "",
    "task_user_ids": null,
    "framework_type": null,
    "item_type_code": "CHM",
    "item_type_name": "Chemistry Simulation",
    "scoring_needed": null,
    "workflow_tasks": null,
    "workflow_users": null,
    "attributes_list": [
      {
        "group_info": {},
        "item_usage": 3000129,
        "content_codes": [
          {
            "id": 3009194,
            "selection": true,
            "is_primary": false,
            "is_secondary": false
          },
          {
            "id": 3009223,
            "selection": true,
            "is_primary": true,
            "is_secondary": false
          }
        ],
        "testing_program": [],
        "cognitive_category": 3000136,
        "cognitive_taxonomy": 282,
        "estimate_difficulty": 386
      },
      {
        "group_info": {},
        "item_usage": 3000129,
        "content_codes": [
          {
            "id": 3009194,
            "selection": true,
            "is_primary": false,
            "is_secondary": false
          },
          {
            "id": 3009223,
            "selection": true,
            "is_primary": true,
            "is_secondary": false
          }
        ],
        "testing_program": [],
        "cognitive_category": 3000136,
        "cognitive_taxonomy": 282,
        "estimate_difficulty": 386
      }
    ],
    "cluster_scoring": null,
    "content_area_id": null,
    "created_user_id": 1002854,
    "previous_source": null,
    "testing_program": null,
    "variant_type_id": 1,
    "workflow_status": null,
    "content_code_ids": [3009194, 3009223],
    "item_status_code": "final",
    "item_status_name": "Final",
    "workflow_task_id": null,
    "workflow_user_id": null,
    "framework_type_id": null,
    "is_latest_version": true,
    "readable_response": null,
    "scoring_method_id": null,
    "testing_program_id": null,
    "workflow_task_skip": null,
    "scoring_method_code": null,
    "workflow_content_id": null,
    "workflow_process_id": null,
    "accessibility_details": null,
    "assessment_program_id": 196991,
    "workflow_content_type": null,
    "workflow_graphic_path": null,
    "workflow_process_name": null,
    "assessment_program_ids": null,
    "assessment_program_code": null,
    "item_type_category_code": "simulation",
    "item_type_category_name": "Simulation",
    "workflow_content_type_id": null,
    "workflow_content_user_ids": null,
    "workflow_process_description": null
  }
}
