{
  "item": {
    "id": 3000762,
    "name": "PunnetTest",
    "grade": null,
    "status": 3000152,
    "user_id": 2,
    "version": 1,
    "grade_id": null,
    "is_locked": false,
    "item_json": {
      "uuid": "f3655-216f-f7dc-1eb5-e4adfa75cc",
      "width": 50,
      "height": 50,
      "traits": 2,
      "minWidth": 0,
      "minHeight": 0,
      "stemContent": "<p id=\"cb-702244-5-51\">Stem</p>\n",
      "itemTypeCode": "PS",
      "parent1letters": ["A", "b", "e", "g"],
      "parent2letters": ["c", "d", "f", "h"],
      "correctResponse": [
        {
          "value": ["c", "A", "f", "e"],
          "rowIndex": 0,
          "rowHeaders": ["c", "f"],
          "columnIndex": 0,
          "columnHeaders": ["A", "e"]
        },
        {
          "value": ["c", "A", "f", "g"],
          "rowIndex": 0,
          "rowHeaders": ["c", "f"],
          "columnIndex": 1,
          "columnHeaders": ["A", "g"]
        },
        {
          "value": ["c", "b", "f", "e"],
          "rowIndex": 0,
          "rowHeaders": ["c", "f"],
          "columnIndex": 2,
          "columnHeaders": ["b", "e"]
        },
        {
          "value": ["c", "b", "f", "g"],
          "rowIndex": 0,
          "rowHeaders": ["c", "f"],
          "columnIndex": 3,
          "columnHeaders": ["b", "g"]
        },
        {
          "value": ["c", "A", "h", "e"],
          "rowIndex": 1,
          "rowHeaders": ["c", "h"],
          "columnIndex": 0,
          "columnHeaders": ["A", "e"]
        },
        {
          "value": ["c", "A", "h", "g"],
          "rowIndex": 1,
          "rowHeaders": ["c", "h"],
          "columnIndex": 1,
          "columnHeaders": ["A", "g"]
        },
        {
          "value": ["c", "b", "h", "e"],
          "rowIndex": 1,
          "rowHeaders": ["c", "h"],
          "columnIndex": 2,
          "columnHeaders": ["b", "e"]
        },
        {
          "value": ["c", "b", "h", "g"],
          "rowIndex": 1,
          "rowHeaders": ["c", "h"],
          "columnIndex": 3,
          "columnHeaders": ["b", "g"]
        },
        {
          "value": ["d", "A", "f", "e"],
          "rowIndex": 2,
          "rowHeaders": ["d", "f"],
          "columnIndex": 0,
          "columnHeaders": ["A", "e"]
        },
        {
          "value": ["d", "A", "f", "g"],
          "rowIndex": 2,
          "rowHeaders": ["d", "f"],
          "columnIndex": 1,
          "columnHeaders": ["A", "g"]
        },
        {
          "value": ["d", "b", "f", "e"],
          "rowIndex": 2,
          "rowHeaders": ["d", "f"],
          "columnIndex": 2,
          "columnHeaders": ["b", "e"]
        },
        {
          "value": ["d", "b", "f", "g"],
          "rowIndex": 2,
          "rowHeaders": ["d", "f"],
          "columnIndex": 3,
          "columnHeaders": ["b", "g"]
        },
        {
          "value": ["d", "A", "h", "e"],
          "rowIndex": 3,
          "rowHeaders": ["d", "h"],
          "columnIndex": 0,
          "columnHeaders": ["A", "e"]
        },
        {
          "value": ["d", "A", "h", "g"],
          "rowIndex": 3,
          "rowHeaders": ["d", "h"],
          "columnIndex": 1,
          "columnHeaders": ["A", "g"]
        },
        {
          "value": ["d", "b", "h", "e"],
          "rowIndex": 3,
          "rowHeaders": ["d", "h"],
          "columnIndex": 2,
          "columnHeaders": ["b", "e"]
        },
        {
          "value": ["d", "b", "h", "g"],
          "rowIndex": 3,
          "rowHeaders": ["d", "h"],
          "columnIndex": 3,
          "columnHeaders": ["b", "g"]
        }
      ]
    },
    "max_score": 1,
    "rationale": {},
    "description": "",
    "previous_id": null,
    "content_area": null,
    "created_date": "2021-06-01T05:54:13.282033+00:00",
    "created_user": "User Two",
    "item_type_id": 3000106,
    "scoring_data": {
      "correctResponse": {
        "score": 1,
        "responses": [
          { "sequence": "cAfe", "responseoption": "cf X Ae" },
          { "sequence": "cAfg", "responseoption": "cf X Ag" },
          { "sequence": "cbfe", "responseoption": "cf X be" },
          { "sequence": "cbfg", "responseoption": "cf X bg" },
          { "sequence": "cAhe", "responseoption": "ch X Ae" },
          { "sequence": "cAhg", "responseoption": "ch X Ag" },
          { "sequence": "cbhe", "responseoption": "ch X be" },
          { "sequence": "cbhg", "responseoption": "ch X bg" },
          { "sequence": "dAfe", "responseoption": "df X Ae" },
          { "sequence": "dAfg", "responseoption": "df X Ag" },
          { "sequence": "dbfe", "responseoption": "df X be" },
          { "sequence": "dbfg", "responseoption": "df X bg" },
          { "sequence": "dAhe", "responseoption": "dh X Ae" },
          { "sequence": "dAhg", "responseoption": "dh X Ag" },
          { "sequence": "dbhe", "responseoption": "dh X be" },
          { "sequence": "dbhg", "responseoption": "dh X bg" }
        ]
      },
      "partialResponses": [
        {
          "index": 0,
          "quota": "-1",
          "score": 0,
          "sequence": "cAfe",
          "responseoption": "cf X Ae",
          "correctResponseFlag": true
        },
        {
          "index": 1,
          "quota": "-1",
          "score": 0,
          "sequence": "cAfg",
          "responseoption": "cf X Ag",
          "correctResponseFlag": true
        },
        {
          "index": 2,
          "quota": "-1",
          "score": 0,
          "sequence": "cbfe",
          "responseoption": "cf X be",
          "correctResponseFlag": true
        },
        {
          "index": 3,
          "quota": "-1",
          "score": 0,
          "sequence": "cbfg",
          "responseoption": "cf X bg",
          "correctResponseFlag": true
        },
        {
          "index": 4,
          "quota": "-1",
          "score": 0,
          "sequence": "cAhe",
          "responseoption": "ch X Ae",
          "correctResponseFlag": true
        },
        {
          "index": 5,
          "quota": "-1",
          "score": 0,
          "sequence": "cAhg",
          "responseoption": "ch X Ag",
          "correctResponseFlag": true
        },
        {
          "index": 6,
          "quota": "-1",
          "score": 0,
          "sequence": "cbhe",
          "responseoption": "ch X be",
          "correctResponseFlag": true
        },
        {
          "index": 7,
          "quota": "-1",
          "score": 0,
          "sequence": "cbhg",
          "responseoption": "ch X bg",
          "correctResponseFlag": true
        },
        {
          "index": 8,
          "quota": "-1",
          "score": 0,
          "sequence": "dAfe",
          "responseoption": "df X Ae",
          "correctResponseFlag": true
        },
        {
          "index": 9,
          "quota": "-1",
          "score": 0,
          "sequence": "dAfg",
          "responseoption": "df X Ag",
          "correctResponseFlag": true
        },
        {
          "index": 10,
          "quota": "-1",
          "score": 0,
          "sequence": "dbfe",
          "responseoption": "df X be",
          "correctResponseFlag": true
        },
        {
          "index": 11,
          "quota": "-1",
          "score": 0,
          "sequence": "dbfg",
          "responseoption": "df X bg",
          "correctResponseFlag": true
        },
        {
          "index": 12,
          "quota": "-1",
          "score": 0,
          "sequence": "dAhe",
          "responseoption": "dh X Ae",
          "correctResponseFlag": true
        },
        {
          "index": 13,
          "quota": "-1",
          "score": 0,
          "sequence": "dAhg",
          "responseoption": "dh X Ag",
          "correctResponseFlag": true
        },
        {
          "index": 14,
          "quota": "-1",
          "score": 0,
          "sequence": "dbhe",
          "responseoption": "dh X be",
          "correctResponseFlag": true
        },
        {
          "index": 15,
          "quota": "-1",
          "score": 0,
          "sequence": "dbhg",
          "responseoption": "dh X bg",
          "correctResponseFlag": true
        }
      ]
    },
    "content_codes": [null],
    "revision_text": "",
    "task_user_ids": null,
    "framework_type": null,
    "item_type_code": "PS",
    "item_type_name": "Punnett Square",
    "scoring_needed": true,
    "workflow_tasks": null,
    "workflow_users": null,
    "attributes_list": [{ "group_info": {} }],
    "cluster_scoring": false,
    "content_area_id": null,
    "created_user_id": 2,
    "previous_source": null,
    "testing_program": null,
    "variant_type_id": 1,
    "workflow_status": null,
    "content_code_ids": [null],
    "item_status_code": "draft",
    "item_status_name": "Draft",
    "workflow_task_id": null,
    "workflow_user_id": null,
    "framework_type_id": null,
    "is_latest_version": true,
    "readable_response": "\"Response Options and Values\"\"cf X Ae+cAfe,cf X Ag+cAfg,cf X be+cbfe,cf X bg+cbfg,ch X Ae+cAhe,ch X Ag+cAhg,ch X be+cbhe,ch X bg+cbhg,df X Ae+dAfe,df X Ag+dAfg,df X be+dbfe,df X bg+dbfg,dh X Ae+dAhe,dh X Ag+dAhg,dh X be+dbhe,dh X bg+dbhg\"",
    "scoring_method_id": 3000149,
    "testing_program_id": null,
    "workflow_task_skip": null,
    "scoring_method_code": "subtractive_model",
    "workflow_content_id": null,
    "workflow_process_id": null,
    "accessibility_details": null,
    "assessment_program_id": 196991,
    "workflow_content_type": null,
    "workflow_graphic_path": null,
    "workflow_process_name": null,
    "assessment_program_ids": null,
    "assessment_program_code": null,
    "item_type_category_code": "question",
    "item_type_category_name": "Question",
    "workflow_content_type_id": null,
    "workflow_content_user_ids": null,
    "workflow_process_description": null
  }
}
