{
  "item": {
    "id": 3002010,
    "name": "selectText_31",
    "grade": null,
    "status": 3000152,
    "user_id": 1,
    "version": 1,
    "grade_id": null,
    "is_locked": false,
    "item_json": {
      "uuid": "4d12131b-7107-4317-be32-cf8f93e22237",
      "foils": [
        { "index": 1, "foilId": "ONE", "foilText": "who bought" },
        { "index": 2, "foilId": "TWO", "foilText": "includes" },
        { "index": 3, "foilId": "THREE", "foilText": "at least" },
        { "index": 4, "foilId": "FOUR", "foilText": "whose" },
        { "index": 5, "foilId": "FIVE", "foilText": "No error." }
      ],
      "stemContent": "<p>\n\t\t\t\tSelect the error in the following passage of text (or\n\t\t\t\t<em>No Error</em>\n\t\t\t\tif there is none).\n\t\t\t\t<span><math><mfrac><mn>1</mn><mn>2</mn></mfrac></math></span></p>",
      "itemTypeCode": "ST",
      "minItemWidth": 0,
      "borderAtStart": "ST_BR_NONE",
      "borderOnHover": "ST_BR_NONE",
      "minItemHeight": 0,
      "selectionType": "MANUAL_SELECTIONS",
      "borderOnSelect": "ST_BR_NONE",
      "passageContent": "<p id=\"cp-7053-8-4\">\n\t\t\t\tSponsors of the Olympic Games\n\t\t\t\t\t<span _fck_bookmark=\"true\" aria-foil=\"highlight\" class=\"cked-highlight\" id=\"ONE\">who bought</span>\n\t\t\t\tadvertising time on United States television\n\t\t\t\t\t<span _fck_bookmark=\"true\" aria-foil=\"highlight\" class=\"cked-highlight\" id=\"TWO\">includes</span><span _fck_bookmark=\"true\" aria-foil=\"highlight\" class=\"cked-highlight\" id=\"THREE\">at least</span>\n\t\t\t\ta dozen international firms\n\t\t\t\t\t<span _fck_bookmark=\"true\" aria-foil=\"highlight\" class=\"cked-highlight\" id=\"FOUR\">whose</span>\n\t\t\t\tnames are familiar to American consumers.\n\t\t\t\t\t<span _fck_bookmark=\"true\" aria-foil=\"highlight\" class=\"cked-highlight\" id=\"FIVE\">No error.</span></p>",
      "correctResponse": { "responses": ["TWO"] },
      "highlightAtStart": "ST_NONE",
      "highlightOnHover": "ST_NONE",
      "highlightOnSelect": "ST_NONE",
      "boldedBorderOnSelect": false,
      "maxResponseSelection": "1"
    },
    "max_score": 1,
    "rationale": { "id": "", "optionRationales": [] },
    "description": "",
    "previous_id": null,
    "content_area": null,
    "created_date": "2021-12-08T03:43:08.458544+00:00",
    "created_user": "User One",
    "item_type_id": 3000111,
    "scoring_data": {
      "correctResponse": {
        "score": 1,
        "responses": [{ "index": 0, "responseid": "TWO" }]
      }
    },
    "content_codes": [null],
    "revision_text": "",
    "task_user_ids": null,
    "framework_type": null,
    "item_type_code": "ST",
    "item_type_name": "Select Text",
    "scoring_needed": true,
    "workflow_tasks": null,
    "workflow_users": null,
    "attributes_list": [
      {
        "group_info": {
          "grade_id": 0,
          "content_area_id": 0,
          "framework_type_id": 0
        },
        "item_usage": 0,
        "content_codes": [],
        "math_practices": 0,
        "testing_program": [],
        "cognitive_category": 0,
        "cognitive_taxonomy": 0,
        "estimate_difficulty": 0
      }
    ],
    "cluster_scoring": false,
    "content_area_id": null,
    "created_user_id": 1,
    "previous_source": "CONTENT_BUILDER",
    "testing_program": null,
    "variant_type_id": 1,
    "workflow_status": null,
    "content_code_ids": [null],
    "item_status_code": "draft",
    "item_status_name": "Draft",
    "workflow_task_id": null,
    "workflow_user_id": null,
    "framework_type_id": null,
    "is_latest_version": true,
    "readable_response": "",
    "scoring_method_id": 3000142,
    "testing_program_id": null,
    "workflow_task_skip": null,
    "scoring_method_code": "correct_only",
    "workflow_content_id": null,
    "workflow_process_id": null,
    "accessibility_details": null,
    "assessment_program_id": 15009,
    "workflow_content_type": null,
    "workflow_graphic_path": null,
    "workflow_process_name": null,
    "assessment_program_ids": null,
    "assessment_program_code": null,
    "item_type_category_code": "question",
    "item_type_category_name": "Question",
    "workflow_content_type_id": null,
    "workflow_content_user_ids": null,
    "workflow_process_description": null
  }
}
