{
  "item": {
    "id": -1,
    "name": "",
    "assessment_program_id": 0,
    "item_type_id": 0,
    "item_type_code": "ST",
    "item_type_name": "Select Text",
    "item_type_category_code": "question",
    "item_type_category_name": "Question",
    "item_json": {
      "uuid": "5bc274c-88ee-b2fa-6cea-28ae35ae5a7",
      "itemTypeCode": "ST",
      "stemContent": "<p>Stem</p>",
      "minItemWidth": 800,
      "minItemHeight": 800,
      "selectionType": "MANUAL_SELECTION",
      "passageContent": "<p><span class='cked-highlight' id='cke-ec7a980e9379f6483a025c4b5902d74cf'>Testing</span> is <span class='cked-highlight' id='cke-e5808e23d874e148b1360ad0fe532ae42'>going on</span>, <span class='cked-highlight' id='cke-eac515868b952f4bb66b9b57c222a5f5c'>be aware</span>...</p>",
      "correctResponse": [
        {
          "id": "cke-ec7a980e9379f6483a025c4b5902d74cf",
          "value": false
        },
        {
          "id": "cke-e5808e23d874e148b1360ad0fe532ae42",
          "value": true
        },
        {
          "id": "cke-eac515868b952f4bb66b9b57c222a5f5c",
          "value": false
        }
      ],
      "optionList": [
        {
          "index": 0,
          "id": "cke-ec7a980e9379f6483a025c4b5902d74cf",
          "optionText": "Testing"
        },
        {
          "index": 1,
          "id": "cke-e5808e23d874e148b1360ad0fe532ae42",
          "optionText": "going on"
        },
        {
          "index": 2,
          "id": "cke-eac515868b952f4bb66b9b57c222a5f5c",
          "optionText": "be aware"
        }
      ],
      "borderAtStart": "BLACK",
      "borderOnHover": "BLACK",
      "borderOnSelect": "RED",
      "highlightAtStart": "NONE",
      "highlightOnHover": "YELLOW",
      "highlightOnSelect": "YELLOW",
      "maxResponseSelection": "3"
    },
    "user_id": 0
  }
}
