{
  "item": {
    "id": 3000801,
    "name": "QA_line graph documentation",
    "grade": "Grade 3",
    "status": 3000427,
    "user_id": 1000027,
    "version": 1,
    "grade_id": 146,
    "is_locked": false,
    "item_json": {
      "uuid": "06a44cc-8a08-c525-62a0-646ddd87463",
      "xaxis": {
        "max": 20,
        "min": 0,
        "ticks": [
          [0, "-1"],
          [5, "0"],
          [10, "1"],
          [15, "2"],
          [20, "3"]
        ],
        "title": "x",
        "labels": "-1,0,1,2,3",
        "noTicks": 5
      },
      "yaxis": {
        "max": 25,
        "min": 0,
        "ticks": [
          [0, "-2"],
          [5, "-1"],
          [10, "0"],
          [15, "1"],
          [20, "2"],
          [25, "3"]
        ],
        "title": "y",
        "labels": "-2,-1,0,1,2,3",
        "noTicks": 6
      },
      "graphTitle": "sample",
      "stemContent": "<p id=\"cb-366847-10-56\">stem</p>\n",
      "itemTypeCode": "LG",
      "minItemWidth": 0,
      "minItemHeight": 0
    },
    "max_score": null,
    "rationale": null,
    "description": "",
    "previous_id": null,
    "content_area": "QA",
    "created_date": "2021-06-09T15:24:06.452721+00:00",
    "created_user": "Jessica Gahm",
    "item_type_id": 3000412,
    "scoring_data": null,
    "content_codes": ["QA.RL.3"],
    "revision_text": "",
    "task_user_ids": null,
    "framework_type": "KS-Technology",
    "item_type_code": "LG",
    "item_type_name": "Line Graph",
    "scoring_needed": null,
    "workflow_tasks": null,
    "workflow_users": null,
    "attributes_list": [
      {
        "group_info": {
          "grade_id": 146,
          "content_area_id": 3000008,
          "framework_type_id": 3000072
        },
        "content_codes": [
          {
            "id": 3009395,
            "selection": true,
            "is_primary": true,
            "is_secondary": false
          }
        ],
        "math_practices": null,
        "testing_program": [83],
        "cognitive_category": 3000137,
        "cognitive_taxonomy": 282
      }
    ],
    "cluster_scoring": null,
    "content_area_id": 3000008,
    "created_user_id": 1000027,
    "previous_source": null,
    "testing_program": "Practice",
    "variant_type_id": 1,
    "workflow_status": null,
    "content_code_ids": [3009395],
    "item_status_code": "final",
    "item_status_name": "Final",
    "workflow_task_id": null,
    "workflow_user_id": null,
    "framework_type_id": 3000072,
    "is_latest_version": true,
    "readable_response": null,
    "scoring_method_id": null,
    "testing_program_id": "83",
    "workflow_task_skip": null,
    "scoring_method_code": null,
    "workflow_content_id": null,
    "workflow_process_id": null,
    "accessibility_details": null,
    "assessment_program_id": 196991,
    "workflow_content_type": null,
    "workflow_graphic_path": null,
    "workflow_process_name": null,
    "assessment_program_ids": null,
    "assessment_program_code": null,
    "item_type_category_code": "simulation",
    "item_type_category_name": "Simulation",
    "workflow_content_type_id": null,
    "workflow_content_user_ids": null,
    "workflow_process_description": null
  }
}
