{
    "item": {
      "id": -1,
      "name": "test_tcc",
      "item_json": {
        "uuid": "6b75e11-834f-66ba-2ace-5e578f001cb",
        "optionList": [
            {
                "id": "bc1ecf3-b42-ab24-531-62635bae0ec3",
                "index": 0,
                "header": "",
                "items": [
                    {
                        "id": "8ff8ed4-5e0d-dcac-cf-740e745f155",
                        "left": "<p id=\"cb-973127-8-65\">Column A - 1</p>",
                        "right": "<p id=\"cb-128203-4-18\">Column B - 1</p>"
                    }
                ]
            },
            {
                "id": "26c67-d4d0-133-e113-6bc62a0ba662",
                "index": 1,
                "header": "",
                "items": [
                    {
                        "id": "daedd05-752-4704-5a33-8104208d263",
                        "left": "<p id=\"cb-735365-6-25\">Column A - 2</p>",
                        "right": "<p id=\"cb-781148-7-69\">Column B - 2</p>"
                    }
                ]
            }
        ],
        "title": "<p style=\"text-align:center;\"><u>Testing</u> <strong>Title </strong><i>Center</i></p>",
        "column1": "50",
        "column2": "50",
        "column3": "",
        "columnType": "twocolumn",
		"answerAlignment": "horizontal_stacked",
        "stemContent": "<p id=\"cb-897450-4-33\">Here is the stem of my item.</p>",
        "itemTypeCode": "TCC",
        "minItemWidth": 500,
        "minItemHeight": 500
      },
      "itemTypeCategory": "simulation"
    }
  }