{
    "item": {
      "id": -1,
      "name": "test_tcc",
      "item_json": {
        "uuid": "3db5a5-21b7-334c-43e1-0887f2de318",
        "optionList": [
            {
                "id": "e8c82c7-0b-53d-4d4b-5c5763fb3d88",
                "index": 0,
                "items": [
                    {
                        "id": "fda868-be6-6c4-1d2d-5c4ae8610c00",
                        "left": "<p id=\"cb-227088-1-10\">Apple: column B</p>",
                        "right": "<p id=\"cb-892762-9-83\">Apple: column C</p>"
                    },
                    {
                        "id": "516b0f5-56af-626-a02d-82efbec3e",
                        "left": "<p id=\"cb-205129-0-33\">Apple: column B when I click Add subtab once. It appears column B and C.</p>",
                        "right": "<p id=\"cb-488184-4-77\">Apple: Column C when I click the subtab. I can&#39;see this column in preview</p>"
                    }
                ],
                "header": "<p id=\"cb-643076-3-70\">Apple</p>"
            },
            {
                "id": "4de1b3d-a628-70c6-6060-3850f5d51ac5",
                "index": 1,
                "items": [
                    {
                        "id": "32163b-7b0d-d6c-5cca-b122fadfaa3",
                        "left": "<p id=\"cb-570530-4-21\">Banana: Column B</p>",
                        "right": "<p id=\"cb-229148-2-52\">Banana: Column C</p>"
                    },
                    {
                        "id": "f7637e3-5e6e-1c81-dbc-534bb8d0f2b",
                        "left": "<p id=\"cb-29491-6-83\">Banana: Column B when I click Add subtab once. It appears column B and C.</p>",
                        "right": "<p id=\"cb-755875-7-30\">Banana: Column C when I click the subtab. I can&#39;see this column in preview</p>"
                    }
                ],
                "header": "<p id=\"cb-944178-2-48\">Banana</p>"
            },
            {
                "id": "22b1024-6cc-f5d-3be-540e2df32b",
                "index": 2,
                "items": [
                    {
                        "id": "afbd701-cc27-8e5b-3458-86d833d476",
                        "left": "<p id=\"cb-479996-5-71\">Strawberries: Column B</p>",
                        "right": "<p id=\"cb-416319-7-44\">Strawberries: Column C</p>"
                    }
                ],
                "header": "<p id=\"cb-977292-2-12\">Strawberries</p>"
            }
        ],
        "title": "<p id=\"cb-694248-8-85\">World languages</p>",
        "column1": "34",
        "column2": "33",
        "column3": "33",
        "columnType": "threecolumn",
		"answerAlignment": "horizontal_stacked",
        "stemContent": "<p id=\"cb-3081-7-58\">Three Column Click Simulation Specs</p>",
        "itemTypeCode": "TCC",
        "minItemWidth": 400,
        "minItemHeight": 400
      },
      "itemTypeCategory": "simulation"
    }
  }