{
  "item": {
    "id": 3000895,
    "name": "QA_ActingForces8321",
    "grade": "Grade 10",
    "status": 3000152,
    "user_id": 1002854,
    "version": 5,
    "grade_id": 153,
    "is_locked": false,
    "item_json": {
      "uuid": "88a6c6-66a5-f44a-4ee-d88a6f54c36e",
      "rowList": {
        "customSelection": [
          {
            "foilId": "4233e3d-f84b-cfdb-28e6-5eac2e455e4",
            "imageURL": "/bananas.png"
          },
          {
            "foilId": "3137b8e-4341-c7-0e17-b86af0e6b402",
            "imageURL": "/bananas.png"
          }
        ],
        "defaultSelection": ["arrow", "circle", "square", "label"]
      },
      "stemContent": "<p id=\"cb-630051-3-43\">testing media and preview</p>\n\n<p id=\"cb-346118-9-73\">&nbsp;</p>\n\n<p id=\"cb-874064-7-63\">&nbsp;</p>\n",
      "itemTypeCode": "AF",
      "backgroundURL": "/bananas.png",
      "minItemHeight": 768,
      "minItemWidth": 1024
    },
    "max_score": null,
    "rationale": null,
    "description": "",
    "previous_id": null,
    "content_area": "QA",
    "created_date": "2021-08-03T20:07:01.080031+00:00",
    "created_user": "Gabriele Leite",
    "item_type_id": 3000083,
    "scoring_data": null,
    "content_codes": [null],
    "revision_text": "",
    "task_user_ids": null,
    "framework_type": null,
    "item_type_code": "AF",
    "item_type_name": "Acting Forces Simulation",
    "scoring_needed": null,
    "workflow_tasks": null,
    "workflow_users": null,
    "attributes_list": [
      { "group_info": { "grade_id": 153, "content_area_id": 3000008 } }
    ],
    "cluster_scoring": null,
    "content_area_id": 3000008,
    "created_user_id": 1002854,
    "previous_source": null,
    "testing_program": null,
    "variant_type_id": 1,
    "workflow_status": null,
    "content_code_ids": [null],
    "item_status_code": "draft",
    "item_status_name": "Draft",
    "workflow_task_id": null,
    "workflow_user_id": null,
    "framework_type_id": null,
    "is_latest_version": true,
    "readable_response": null,
    "scoring_method_id": null,
    "testing_program_id": null,
    "workflow_task_skip": null,
    "scoring_method_code": null,
    "workflow_content_id": null,
    "workflow_process_id": null,
    "accessibility_details": null,
    "assessment_program_id": 196991,
    "workflow_content_type": null,
    "workflow_graphic_path": null,
    "workflow_process_name": null,
    "assessment_program_ids": null,
    "assessment_program_code": null,
    "item_type_category_code": "simulation",
    "item_type_category_name": "Simulation",
    "workflow_content_type_id": null,
    "workflow_content_user_ids": null,
    "workflow_process_description": null
  }
}
