{
  "item": {
    "id": 3001147,
    "name": "ST_line_demo",
    "grade": null,
    "status": 3000152,
    "user_id": 1,
    "version": 3,
    "grade_id": null,
    "is_locked": false,
    "item_json": {
      "uuid": "8c15e7d-81c5-353b-b44f-32bfbd48834",
      "slope": false,
      "width": 500,
      "height": 500,
      "maxLines": 2,
      "showGrid": true,
      "lineArrow": true,
      "maxPoints": 1,
      "bottomLeft": "-10,-10",
      "graphTitle": "<p id=\"cb-559135-8-96\">Plot the Points</p>\n",
      "snapToGrid": false,
      "upperRight": "10,10",
      "xAxisLabel": "<p id=\"cb-137509-9-54\">X Axis</p>\n\n<p id=\"cb-781757-2-92\">&nbsp;</p>\n",
      "xAxisScale": 1,
      "xAxisTitle": "",
      "xIntercept": false,
      "yAxisLabel": "<p id=\"cb-926122-4-9\">Y Axis</p>\n",
      "yAxisScale": 1,
      "yAxisTitle": "",
      "yIntercept": false,
      "stemContent": "<p id=\"cb-176537-4-31\">Graph two lines <em id=\"cb-142123-9-93\">y</em> = 2<em id=\"cb-181328-5-43\">x</em> + 3 by plotting two points.</p>\n",
      "itemTypeCode": "SL",
      "minItemWidth": 0,
      "orderPairOne": true,
      "orderPairTwo": true,
      "extendedLines": true,
      "minItemHeight": 0,
      "relationships": {
        "parallel": false,
        "intersecting": false,
        "perpendicular": false
      },
      "incrementLabel": "ALL",
      "correctResponse": {
        "responses": [
          {
            "line": [
              { "x": 4.6, "y": 4.6 },
              { "x": 5.6, "y": 7.2 }
            ]
          },
          {
            "line": [
              { "x": 6.2, "y": -1.5 },
              { "x": 1.4, "y": -5.2 }
            ]
          }
        ],
        "numberOfResponses": 2
      },
      "graphBackground": null,
      "rationaleOption": { "optionList": [] },
      "lineRelationships": false,
      "backgroundPosition": null,
      "backgroundMediaDetails": null
    },
    "max_score": null,
    "rationale": null,
    "description": "",
    "previous_id": null,
    "content_area": null,
    "created_date": "2021-08-17T13:24:56.207132+00:00",
    "created_user": "User One",
    "item_type_id": 3000109,
    "scoring_data": null,
    "content_codes": [null],
    "revision_text": "",
    "task_user_ids": null,
    "framework_type": null,
    "item_type_code": "SL",
    "item_type_name": "Straight Line",
    "scoring_needed": null,
    "workflow_tasks": null,
    "workflow_users": null,
    "attributes_list": [{ "group_info": {} }],
    "cluster_scoring": null,
    "content_area_id": null,
    "created_user_id": 1,
    "previous_source": null,
    "testing_program": null,
    "variant_type_id": 1,
    "workflow_status": null,
    "content_code_ids": [null],
    "item_status_code": "draft",
    "item_status_name": "Draft",
    "workflow_task_id": null,
    "workflow_user_id": null,
    "framework_type_id": null,
    "is_latest_version": true,
    "readable_response": "\"\"Ordered Pair 1\n\n\"\"\"X intercept\n\n\"",
    "scoring_method_id": null,
    "testing_program_id": null,
    "workflow_task_skip": null,
    "scoring_method_code": null,
    "workflow_content_id": null,
    "workflow_process_id": null,
    "accessibility_details": null,
    "assessment_program_id": 196991,
    "workflow_content_type": null,
    "workflow_graphic_path": null,
    "workflow_process_name": null,
    "assessment_program_ids": null,
    "assessment_program_code": null,
    "item_type_category_code": "question",
    "item_type_category_name": "Question",
    "workflow_content_type_id": null,
    "workflow_content_user_ids": null,
    "workflow_process_description": null
  }
}
