{
    "item": {
      "id": 3001752,
      "name": "Matrix21102112",
      "grade": "Grade 1",
      "status": 3000151,
      "user_id": 1,
      "version": 2,
      "grade_id": 144,
      "is_locked": false,
      "item_json": {
        "uuid": "61db30a-646e-874e-e70-161536b5751",
        "shuffle": true,
        "optionList": [
          {
            "id": "87e384-cd2f-3da1-851d-0eef577cf256",
            "index": 0,
            "optionText": "<p id=\"cb-569640-0-42\">2</p>\n"
          },
          {
            "id": "058a381-f304-e5a0-27af-181141dc1b1",
            "index": 1,
            "optionText": "<p id=\"cb-21515-3-54\">3</p>\n"
          },
          {
            "id": "d8ebc85-4c86-cebf-7b8c-d08642b2ec6c",
            "index": 2,
            "optionText": "<p id=\"cb-256373-4-99\">4</p>\n"
          },
          {
            "id": "d838bf-efa3-2065-2cd-85b0f55353f",
            "index": 3,
            "optionText": "<p id=\"cb-253032-7-66\">5</p>\n"
          }
        ],
        "stemContent": "<p id=\"cb-110735-6-92\">Stem here</p>\n",
        "itemTypeCode": "MCRB",
        "leftColWidth": 0,
        "minItemWidth": 0,
        "matchList": [
          {
            "id": "15623a-d5f4-e228-1a2-d6061ced432",
            "index": 0,
            "optionText": "<p id=\"cb-85552-9-79\">8</p>\n"
          },
          {
            "id": "42fea75-7f73-e2cc-8c8f-8c0a8c881a5",
            "index": 1,
            "optionText": "<p id=\"cb-466476-1-85\">9</p>\n"
          },
          {
            "id": "14408b5-caf8-23e-5aad-a6dcc2f12c6",
            "index": 2,
            "optionText": "<p id=\"cb-903228-1-72\">10</p>\n"
          }
        ],
        "minItemHeight": 0,
        "alignmentValue": "Center",
        "multipleChoice": false,
        "correctResponse": [
          {
            "id": "058a381-f304-e5a0-27af-181141dc1b1",
            "values": ["42fea75-7f73-e2cc-8c8f-8c0a8c881a5"]
          },
          {
            "id": "d838bf-efa3-2065-2cd-85b0f55353f",
            "values": ["15623a-d5f4-e228-1a2-d6061ced432"]
          }
        ],
        "maintainLeftColWidth": false,
        "responseLayout": "vertical",
        "rationale": "<p id=\"cb-781850-8-20\">Test</p>\n"
      },
      "max_score": 134,
      "rationale": {
        "id": "61db30a-646e-874e-e70-161536b5751",
        "rationaleText": "<p id=\"cb-781850-8-20\">Test</p>\n"
      },
      "description": "",
      "previous_id": null,
      "content_area": "QA",
      "created_date": "2021-10-21T10:43:19.854459+00:00",
      "created_user": "User One",
      "item_type_id": 3000098,
      "scoring_data": {
        "correctResponse": {
          "score": 134,
          "responses": [
            {
              "id": "058a381-f304-e5a0-27af-181141dc1b1",
              "values": "42fea75-7f73-e2cc-8c8f-8c0a8c881a5"
            },
            {
              "id": "d838bf-efa3-2065-2cd-85b0f55353f",
              "values": "15623a-d5f4-e228-1a2-d6061ced432"
            }
          ]
        }
      },
      "content_codes": ["QA.RI.1"],
      "revision_text": "",
      "task_user_ids": null,
      "framework_type": "KS-Technology",
      "item_type_code": "MCRB",
      "item_type_name": "Matrix Interaction",
      "scoring_needed": true,
      "workflow_tasks": null,
      "workflow_users": null,
      "attributes_list": [
        {
          "group_info": {
            "grade_id": 144,
            "content_area_id": 3000008,
            "framework_type_id": 3000072
          },
          "item_usage": 3000131,
          "content_codes": [
            {
              "id": 3009208,
              "selection": true,
              "is_primary": true,
              "is_secondary": false
            }
          ],
          "attributes_list": [{ "tags": ["Test"] }],
          "testing_program": [83],
          "cognitive_category": 3000137,
          "cognitive_taxonomy": 282,
          "estimate_difficulty": 386
        }
      ],
      "cluster_scoring": false,
      "content_area_id": 3000008,
      "created_user_id": 1,
      "previous_source": null,
      "testing_program": "Practice",
      "variant_type_id": 1,
      "workflow_status": null,
      "content_code_ids": [3009208],
      "item_status_code": "complete",
      "item_status_name": "Complete",
      "workflow_task_id": null,
      "workflow_user_id": null,
      "framework_type_id": 3000072,
      "is_latest_version": true,
      "readable_response": "\"3\" : \"9\"\n\n\"5\" : \"8\"",
      "scoring_method_id": 3000142,
      "testing_program_id": "83",
      "workflow_task_skip": null,
      "scoring_method_code": "correct_only",
      "workflow_content_id": null,
      "workflow_process_id": null,
      "accessibility_details": null,
      "assessment_program_id": 196991,
      "workflow_content_type": null,
      "workflow_graphic_path": null,
      "workflow_process_name": null,
      "assessment_program_ids": null,
      "assessment_program_code": null,
      "item_type_category_code": "question",
      "item_type_category_name": "Question",
      "workflow_content_type_id": null,
      "workflow_content_user_ids": null,
      "workflow_process_description": null
    }
  }
  