{
  "item": {
    "id": 3001297,
    "name": "DevTestVenn",
    "grade": "Grade 3",
    "status": 3000152,
    "user_id": 1,
    "version": 4,
    "grade_id": 146,
    "is_locked": false,
    "item_json": {
      "uuid": "3a88d1a-7bd1-7d1-2c-b81bb58c2a",
      "rowList": [
        {
          "value": "<p id=\"cb-886550-3-59\"><span id=\"cb-509388-2-82\" style=\"font-family:Arial; font-size:20px; color:black\">&shy;4</span></p>\n",
          "foilId": "3a88d1a-7bd1-7d1-2c-b81bb58c2a-1"
        },
        {
          "value": "<p id=\"cb-105422-6-5\"><span id=\"cb-768265-4-86\" style=\"font-family:Arial; font-size:20px; color:black\">&shy;6</span></p>\n",
          "foilId": "c53f474-06d-2b20-d013-45025a751ac0"
        },
        {
          "value": "<p id=\"cb-352718-4-14\"><span id=\"cb-731779-8-61\" style=\"font-family:Arial; font-size:20px; color:black\">&shy;8</span></p>\n",
          "foilId": "7b8d1f2-e6f-d088-2eae-8486b235bea3"
        },
        {
          "value": "<p id=\"cb-335177-6-23\"><span id=\"cb-295594-4-32\" style=\"font-family:Arial; font-size:20px; color:black\">&shy;9</span></p>\n",
          "foilId": "0ac-7c57-c8d3-f683-6ea865ba78ff"
        },
        {
          "value": "<p id=\"cb-798093-7-51\"><span id=\"cb-907624-6-30\" style=\"font-family:Arial; font-size:20px; color:black\">&shy;12</span></p>\n",
          "foilId": "10bbbc2-8ce-d4d7-a72d-1d7f4e7a72a"
        },
        {
          "value": "<p id=\"cb-140733-9-66\"><span id=\"cb-815777-7-31\" style=\"font-family:Arial; font-size:20px; color:black\">&shy;15</span></p>\n",
          "foilId": "768af6-ab2c-b14-d18-2438d3f012f5"
        }
      ],
      "overlapSize": 200,
      "stemContent": "<p id=\"cb-647499-1-50\">Sort the numbers as multiples of 2 or 3.</p>\n",
      "diagramTitle": "VennDiagram",
      "itemTypeCode": "VD",
      "minItemWidth": 0,
      "overlapLabel": "Both",
      "minItemHeight": 0,
      "circleDiameter": 400,
      "correctResponse": {
        "dropList": [
          { "dropId": "leftVenn", "responses": [] },
          { "dropId": "centerVenn", "responses": [] },
          { "dropId": "rightVenn", "responses": [] }
        ]
      },
      "leftCircleLabel": "Multiple of 2",
      "rightCircleLabel": "Multiple of 3"
    },
    "max_score": null,
    "rationale": {
      "rowList": [
        { "foilId": "3a88d1a-7bd1-7d1-2c-b81bb58c2a-1", "rationaleText": "" },
        { "foilId": "c53f474-06d-2b20-d013-45025a751ac0", "rationaleText": "" },
        { "foilId": "7b8d1f2-e6f-d088-2eae-8486b235bea3", "rationaleText": "" },
        { "foilId": "0ac-7c57-c8d3-f683-6ea865ba78ff", "rationaleText": "" },
        { "foilId": "10bbbc2-8ce-d4d7-a72d-1d7f4e7a72a", "rationaleText": "" },
        { "foilId": "768af6-ab2c-b14-d18-2438d3f012f5", "rationaleText": "" }
      ]
    },
    "description": "",
    "previous_id": null,
    "content_area": "QA",
    "created_date": "2021-09-09T13:27:07.764971+00:00",
    "created_user": "User One",
    "item_type_id": 3000115,
    "scoring_data": null,
    "content_codes": [null],
    "revision_text": "",
    "task_user_ids": null,
    "framework_type": "KS-Technology",
    "item_type_code": "VD",
    "item_type_name": "Venn Diagram",
    "scoring_needed": null,
    "workflow_tasks": null,
    "workflow_users": null,
    "attributes_list": [
      {
        "group_info": {
          "grade_id": 146,
          "content_area_id": 3000008,
          "framework_type_id": 3000072
        },
        "content_codes": []
      }
    ],
    "cluster_scoring": null,
    "content_area_id": 3000008,
    "created_user_id": 1,
    "previous_source": null,
    "testing_program": null,
    "variant_type_id": 1,
    "workflow_status": null,
    "content_code_ids": [null],
    "item_status_code": "draft",
    "item_status_name": "Draft",
    "workflow_task_id": null,
    "workflow_user_id": null,
    "framework_type_id": 3000072,
    "is_latest_version": true,
    "readable_response": "",
    "scoring_method_id": null,
    "testing_program_id": null,
    "workflow_task_skip": null,
    "scoring_method_code": null,
    "workflow_content_id": null,
    "workflow_process_id": null,
    "accessibility_details": null,
    "assessment_program_id": 196991,
    "workflow_content_type": null,
    "workflow_graphic_path": null,
    "workflow_process_name": null,
    "assessment_program_ids": null,
    "assessment_program_code": null,
    "item_type_category_code": "question",
    "item_type_category_name": "Question",
    "workflow_content_type_id": null,
    "workflow_content_user_ids": null,
    "workflow_process_description": null
  }
}
