{
  "item": {
    "id": 3001298,
    "name": "LS_Test",
    "grade": null,
    "status": 3000152,
    "user_id": 2,
    "version": 1,
    "grade_id": null,
    "is_locked": false,
    "item_json": {
      "uuid": "c57a2e-7e8c-387-bef-af21166aeb",
      "min_score": 1,
      "option_list": [
        {
          "id": "c57a2e-7e8c-387-bef-af21166aeb-1",
          "option_text": "<p id=\"cb-137816-5-39\"><span id=\"cb-787620-2-28\" style=\"font-family:Arial; font-size:20px; color:black\">&shy;Test 1</span></p>\n"
        },
        {
          "id": "c57a2e-7e8c-387-bef-af21166aeb-2",
          "option_text": "<p id=\"cb-738051-4-85\"><span id=\"cb-871534-7-10\" style=\"font-family:Arial; font-size:20px; color:black\">&shy;Test 2</span></p>\n"
        },
        {
          "id": "c57a2e-7e8c-387-bef-af21166aeb-3",
          "option_text": "<p id=\"cb-344851-9-3\"><span id=\"cb-56937-6-15\" style=\"font-family:Arial; font-size:20px; color:black\">&shy;Test 3</span></p>\n"
        }
      ],
      "stemContent": "<p id=\"cb-233281-3-92\"><span id=\"cb-52002-6-24\" style=\"font-family:Arial; font-size:20px; color:black\">&shy;Stem content</span></p>\n",
      "minItemWidth": 10,
      "minItemHeight": 10,
      "answerAlignment": "Horizontal",
      "increment_value": 1,
      "increment_display": "Numeric"
    },
    "max_score": null,
    "rationale": {
      "option_list": [
        {
          "id": "c57a2e-7e8c-387-bef-af21166aeb-1",
          "rationale_text": "<p id=\"cb-170669-3-22\"><span id=\"cb-229111-1-3\" style=\"font-family:Arial; font-size:20px; color:black\">&shy;Rationale 1</span></p>\n"
        },
        {
          "id": "c57a2e-7e8c-387-bef-af21166aeb-2",
          "rationale_text": "<p id=\"cb-57134-7-92\"><span id=\"cb-96134-9-29\" style=\"font-family:Arial; font-size:20px; color:black\">&shy;Rationale 2</span></p>\n"
        },
        { "id": "c57a2e-7e8c-387-bef-af21166aeb-3", "rationale_text": "" }
      ]
    },
    "description": "",
    "previous_id": null,
    "content_area": "QA",
    "created_date": "2021-09-09T12:54:54.020214+00:00",
    "created_user": "User Two",
    "item_type_id": 3000096,
    "scoring_data": null,
    "content_codes": [null],
    "revision_text": "",
    "task_user_ids": null,
    "framework_type": null,
    "item_type_code": "LS",
    "item_type_name": "Likert Scale",
    "scoring_needed": null,
    "workflow_tasks": null,
    "workflow_users": null,
    "attributes_list": [{ "group_info": { "content_area_id": 3000008 } }],
    "cluster_scoring": null,
    "content_area_id": 3000008,
    "created_user_id": 2,
    "previous_source": null,
    "testing_program": null,
    "variant_type_id": 1,
    "workflow_status": null,
    "content_code_ids": [null],
    "item_status_code": "draft",
    "item_status_name": "Draft",
    "workflow_task_id": null,
    "workflow_user_id": null,
    "framework_type_id": null,
    "is_latest_version": true,
    "readable_response": null,
    "scoring_method_id": null,
    "testing_program_id": null,
    "workflow_task_skip": null,
    "scoring_method_code": null,
    "workflow_content_id": null,
    "workflow_process_id": null,
    "accessibility_details": null,
    "assessment_program_id": 196991,
    "workflow_content_type": null,
    "workflow_graphic_path": null,
    "workflow_process_name": null,
    "assessment_program_ids": null,
    "assessment_program_code": null,
    "item_type_category_code": "question",
    "item_type_category_name": "Question",
    "workflow_content_type_id": null,
    "workflow_content_user_ids": null,
    "workflow_process_description": null
  }
}
