{
  "item": {
    "id": 3001209,
    "name": "CompositeMedia",
    "grade": "Grade 7",
    "status": 3000152,
    "user_id": 2,
    "version": 2,
    "grade_id": 150,
    "is_locked": false,
    "item_json": {
      "uuid": "dcdc758-300a-8ca0-3f2e-28ae824bd64",
      "itemList": [
        {
            "id": 100,
            "order": 0,
            "name": "Item 1",
            "category": "question",
            "type": "Multiple Choice",
            "header": "Header 1"
        },
        {
            "id": 102,
            "order": 1,
            "name": "Item 3",
            "category": "question",
            "type": "Multiple Choice"
        }
      ],
      "stemContent": "<p id=\"cb-582602-4-82\">Test 1235</p>",
      "itemTypeCode": "COM",
      "minItemWidth": 0,
      "minItemHeight": 0,
      "answerAlignment": ""
    },
    "max_score": 5,
    "rationale": null,
    "description": "",
    "previous_id": null,
    "content_area": "QA",
    "created_date": "2021-12-06T09:14:52.583975+00:00",
    "created_user": "User Two",
    "item_type_id": 3000086,
    "scoring_data": {
      "dependent": [
        {
          "order": 1,
          "score": "0.8333",
          "itemId": 3001201,
          "dependent": "",
          "correctResponseFlag": true
        },
        {
          "order": 2,
          "score": "0.8333",
          "itemId": 3001200,
          "dependent": "",
          "correctResponseFlag": true
        },
        {
          "order": 3,
          "score": "0.8333",
          "itemId": 3001199,
          "dependent": "",
          "correctResponseFlag": true
        },
        {
          "order": 4,
          "score": "0.8333",
          "itemId": 3001198,
          "dependent": "",
          "correctResponseFlag": true
        },
        {
          "order": 5,
          "score": "0.8333",
          "itemId": 3001196,
          "dependent": "",
          "correctResponseFlag": true
        },
        {
          "order": 6,
          "score": "0.8333",
          "itemId": 3001955,
          "dependent": "",
          "correctResponseFlag": true
        }
      ],
      "correctResponse": {
        "score": 5,
        "responses": [
          { "order": 1, "itemId": 3001201, "dependent": "" },
          { "order": 2, "itemId": 3001200, "dependent": "" },
          { "order": 3, "itemId": 3001199, "dependent": "" },
          { "order": 4, "itemId": 3001198, "dependent": "" },
          { "order": 5, "itemId": 3001196, "dependent": "" },
          { "order": 6, "itemId": 3001955, "dependent": "" }
        ]
      }
    },
    "content_codes": [null],
    "revision_text": "",
    "task_user_ids": null,
    "framework_type": "KS-Technology",
    "item_type_code": "COM",
    "item_type_name": "Composite",
    "scoring_needed": true,
    "workflow_tasks": null,
    "workflow_users": null,
    "attributes_list": [
      {
        "group_info": {
          "grade_id": 150,
          "content_area_id": 3000008,
          "framework_type_id": 3000072
        },
        "testing_program": [82],
        "cognitive_category": 3000135,
        "cognitive_taxonomy": 282
      }
    ],
    "cluster_scoring": false,
    "content_area_id": 3000008,
    "created_user_id": 2,
    "previous_source": null,
    "testing_program": "Summative",
    "variant_type_id": 1,
    "workflow_status": null,
    "content_code_ids": [null],
    "item_status_code": "draft",
    "item_status_name": "Draft",
    "workflow_task_id": null,
    "workflow_user_id": null,
    "framework_type_id": 3000072,
    "is_latest_version": true,
    "readable_response": "\"\":Item Header:\"3001201\"\n\n Item Id:\"\n\n\"\":Item Header:\"3001200\"\n\n Item Id:\"\n\n\"\":Item Header:\"3001199\"\n\n Item Id:\"\n\n\"\":Item Header:\"3001198\"\n\n Item Id:\"\n\n\"\":Item Header:\"3001196\"\n\n Item Id:\"\n\n\"\":Item Header:\"3001955\"\n\n Item Id:\"",
    "scoring_method_id": 3000143,
    "testing_program_id": "82",
    "workflow_task_skip": null,
    "scoring_method_code": "dependent",
    "workflow_content_id": null,
    "workflow_process_id": null,
    "accessibility_details": null,
    "assessment_program_id": 196991,
    "workflow_content_type": null,
    "workflow_graphic_path": null,
    "workflow_process_name": null,
    "assessment_program_ids": null,
    "assessment_program_code": null,
    "item_type_category_code": "question",
    "item_type_category_name": "Question",
    "workflow_content_type_id": null,
    "workflow_content_user_ids": null,
    "workflow_process_description": null
  }
}
