[
    {
        "id": 102,
        "order": 0,
        "name": "Simulation Item 1",
        "category": "simulation",
        "type": "Two Column Click",
        "header": "Simulation 1"
    },
    {
        "id": 103,
        "order": 1,
        "name": "Simulation Item 2",
        "category": "simulation",
        "type": "Two Column Click",
        "header": "Simulation 2"
    },
    {
        "id": 100,
        "order": 0,
        "name": "Item 1",
        "category": "question",
        "type": "Multiple Choice",
        "header": "Part 1"
    },
    {
        "id": 101,
        "order": 1,
        "name": "Item 3",
        "category": "question",
        "type": "Multiple Choice",
        "header": "Part 2"
    }
]