{
  "item": {
    "id": 3001862,
    "name": "multipleDropBucket-3000123123123",
    "grade": null,
    "status": 3000152,
    "user_id": 2,
    "version": 2,
    "grade_id": null,
    "is_locked": false,
    "item_json": {
      "uuid": "c611b550-06c5-4646-838e-08a67d0bebc5",
      "dragList": [
        {
          "id": "ff4d7548-7f5b-4ff5-9e3f-8c93635f1c78",
          "header": "First_Bay",
          "dragOptionList": [{ "id": "C", "optionText": "Capulet" }]
        },
        {
          "id": "d5f810a3-df24-4b05-b313-cb9aacf9fa32",
          "header": "Second_Bay",
          "dragOptionList": [
            { "id": "D", "optionText": "Demetrius" },
            { "id": "L", "optionText": "New Lysander" },
            { "id": "P", "optionText": "Prospero" }
          ]
        }
      ],
      "dropList": [
        {
          "id": "M",
          "header": "New A Midsummer-Night's Dream",
          "dropOptionList": []
        },
        { "id": "R", "header": "Romeo and Juliet", "dropOptionList": [] },
        { "id": "T", "header": "The Tempest", "dropOptionList": [] }
      ],
      "dropSlot": false,
      "stickyDrop": false,
      "optionWidth": 350,
      "stemContent": "Match the following characters to the Shakespeare play they appeared in:",
      "itemTypeCode": "MDB",
      "minItemWidth": 0,
      "optionHeight": 63,
      "minItemHeight": 0,
      "correctResponse": {
        "dropList": [
          { "id": "M", "responses": ["D", "L"] },
          { "id": "R", "responses": ["C"] },
          { "id": "T", "responses": ["P"] }
        ]
      }
    },
    "max_score": 1,
    "rationale": {
      "dropList": [
        { "id": "M", "rationaleText": "" },
        { "id": "R", "rationaleText": "" },
        { "id": "T", "rationaleText": "" }
      ]
    },
    "description": "",
    "previous_id": "ITEM_3000123123123",
    "content_area": null,
    "created_date": "2021-11-05T14:07:23.138484+00:00",
    "created_user": "User Two",
    "item_type_id": 3000099,
    "scoring_data": {
      "correctResponse": {
        "score": 1,
        "responses": [
          { "index": 0, "dropid": "M", "foilid": "D" },
          { "index": 0, "dropid": "M", "foilid": "L" },
          { "index": 1, "dropid": "R", "foilid": "C" },
          { "index": 2, "dropid": "T", "foilid": "P" }
        ]
      },
      "partialResponse": [
        {
          "index": 0,
          "quota": "-1",
          "score": 1,
          "dropid": "C",
          "foilid": "R",
          "correctResponseFlag": true
        },
        {
          "index": 1,
          "quota": "-1",
          "score": 0.5,
          "dropid": "D",
          "foilid": "M",
          "correctResponseFlag": true
        },
        {
          "index": 2,
          "quota": "-1",
          "score": 0.5,
          "dropid": "L",
          "foilid": "M",
          "correctResponseFlag": true
        },
        {
          "index": 3,
          "quota": "-1",
          "score": 1,
          "dropid": "P",
          "foilid": "T",
          "correctResponseFlag": true
        }
      ]
    },
    "content_codes": [null],
    "revision_text": "",
    "task_user_ids": null,
    "framework_type": null,
    "item_type_code": "MDB",
    "item_type_name": "Multiple Drop Bucket",
    "scoring_needed": true,
    "workflow_tasks": null,
    "workflow_users": null,
    "attributes_list": [
      {
        "group_info": {
          "grade_id": 0,
          "content_area_id": 0,
          "framework_type_id": 0
        },
        "item_usage": 0,
        "content_codes": [],
        "math_practices": 0,
        "testing_program": [],
        "cognitive_category": 0,
        "cognitive_taxonomy": 0,
        "estimate_difficulty": 0
      }
    ],
    "cluster_scoring": false,
    "content_area_id": null,
    "created_user_id": 2,
    "previous_source": "PEARSON",
    "testing_program": null,
    "variant_type_id": 1,
    "workflow_status": null,
    "content_code_ids": [null],
    "item_status_code": "draft",
    "item_status_name": "Draft",
    "workflow_task_id": null,
    "workflow_user_id": null,
    "framework_type_id": null,
    "is_latest_version": true,
    "readable_response": "",
    "scoring_method_id": 3000146,
    "testing_program_id": null,
    "workflow_task_skip": null,
    "scoring_method_code": "partial_credit",
    "workflow_content_id": null,
    "workflow_process_id": null,
    "accessibility_details": null,
    "assessment_program_id": 196991,
    "workflow_content_type": null,
    "workflow_graphic_path": null,
    "workflow_process_name": null,
    "assessment_program_ids": null,
    "assessment_program_code": null,
    "item_type_category_code": "question",
    "item_type_category_name": "Question",
    "workflow_content_type_id": null,
    "workflow_content_user_ids": null,
    "workflow_process_description": null
  }
}
