{
  "item": {
    "id": 3001170,
    "name": "CW_8.17.21_samplereaction",
    "grade": "Grade 1",
    "status": 3000152,
    "user_id": 2,
    "version": 4,
    "grade_id": 144,
    "is_locked": false,
    "item_json": {
      "uuid": "16cfbc-4e-533c-470-4abc81f466",
      "samples": [
        {
          "chemicals": [
            {
              "mass": null,
              "odor": null,
              "color": null,
              "result": "positive",
              "phBalance": null,
              "temperature": null
            },
            {
              "mass": null,
              "odor": null,
              "color": null,
              "result": "pseudomonas",
              "phBalance": null,
              "temperature": null
            },
            {
              "mass": null,
              "odor": null,
              "color": "#FFFF00",
              "result": "positive",
              "phBalance": null,
              "temperature": null
            },
            {
              "mass": null,
              "odor": null,
              "color": "#0000ff",
              "result": "positive",
              "phBalance": null,
              "temperature": null
            }
          ],
          "sampleName": "Patient sample"
        }
      ],
      "chemicals": [
        "Oxidase test",
        "Glucose fermentation test",
        "Yellow pigment test",
        "Blue pigment test"
      ],
      "stemContent": "<p id=\"cb-535235-8-41\">Here is the stem of my item.</p>\n\n<div class=\"mediacontent p-10\" contenteditable=\"false\" id=\"cb-227847-1-68\" mediaid=\"3001059\" style=\"display:inline-block\"><img alt=\"\" src=\"/media/196991/3001059/3000624/1/red_JPG\" /></div>\n\n<p id=\"cb-159494-3-36\">png</p>\n\n<div class=\"mediacontent p-10\" contenteditable=\"false\" id=\"cb-930079-9-86\" mediaid=\"3001122\" style=\"display:inline-block\"><img alt=\"\" src=\"/media/196991/3001122/3000689/1/bananas_PNG\" /></div>\n\n<p id=\"cb-486866-7-59\">gif</p>\n\n<div class=\"mediacontent p-10\" contenteditable=\"false\" id=\"cb-445272-2-1\" mediaid=\"3001076\" style=\"display:inline-block\"><img alt=\"\" src=\"/media/196991/3001076/3000641/1/blue_gif\" /></div>\n\n<p id=\"cb-728431-5-86\">mp3</p>\n\n<div class=\"mediacontent p-10\" contenteditable=\"false\" id=\"cb-50482-0-50\" mediaid=\"3001094\" style=\"display:inline-block\">\n<audio alt=\"\" controls=\"controls\" src=\"/media/196991/3001094/3000659/1/AudiofromPracticeNoSpacemp3\">&nbsp;</audio>\n</div>\n\n<p id=\"cb-62633-6-50\">wav</p>\n\n<div class=\"mediacontent p-10\" contenteditable=\"false\" id=\"cb-90052-6-11\" mediaid=\"3001092\" style=\"display:inline-block\">\n<audio alt=\"\" controls=\"controls\" src=\"/media/196991/3001092/3000657/1/QAAudioFileNoSpacewav\">&nbsp;</audio>\n</div>\n\n<p id=\"cb-27748-1-77\">mp4</p>\n\n<div class=\"mediacontent p-10\" contenteditable=\"false\" id=\"cb-228487-8-68\" mediaid=\"3001093\" style=\"display:inline-block\">\n<video alt=\"\" controls=\"controls\" src=\"/media/196991/3001093/3000658/1/CatVideoNoSpacemp4\">&nbsp;</video>\n</div>\n\n<p id=\"cb-659668-1-70\">webm</p>\n\n<div class=\"mediacontent p-10\" contenteditable=\"false\" id=\"cb-103148-8-31\" mediaid=\"3001088\" style=\"display:inline-block\">\n<video alt=\"\" controls=\"controls\" src=\"/media/196991/3001088/3000653/1/TechPracticeMatchingwebm\">&nbsp;</video>\n</div>\n\n<p id=\"cb-747401-4-13\">&nbsp;</p>\n",
      "itemTypeCode": "SR",
      "minItemWidth": 0,
      "minItemHeight": 0,
      "selectLabEquipment": "PETRI_DISH"
    },
    "max_score": null,
    "rationale": null,
    "description": "",
    "previous_id": null,
    "content_area": "QA",
    "created_date": "2021-08-17T16:28:59.952149+00:00",
    "created_user": "User Two",
    "item_type_id": 3000110,
    "scoring_data": null,
    "content_codes": ["QA.RL.1"],
    "revision_text": "",
    "task_user_ids": null,
    "framework_type": "KS-Technology",
    "item_type_code": "SR",
    "item_type_name": "Sample Reaction",
    "scoring_needed": null,
    "workflow_tasks": null,
    "workflow_users": null,
    "attributes_list": [
      {
        "group_info": {
          "grade_id": 144,
          "content_area_id": 3000008,
          "framework_type_id": 3000072
        },
        "content_codes": [
          {
            "id": 3009194,
            "selection": true,
            "is_primary": false,
            "is_secondary": false
          }
        ],
        "testing_program": [80],
        "cognitive_category": 3000136,
        "cognitive_taxonomy": 282
      }
    ],
    "cluster_scoring": null,
    "content_area_id": 3000008,
    "created_user_id": 2,
    "previous_source": null,
    "testing_program": "Interim",
    "variant_type_id": 1,
    "workflow_status": null,
    "content_code_ids": [3009194],
    "item_status_code": "draft",
    "item_status_name": "Draft",
    "workflow_task_id": null,
    "workflow_user_id": null,
    "framework_type_id": 3000072,
    "is_latest_version": true,
    "readable_response": null,
    "scoring_method_id": null,
    "testing_program_id": "80",
    "workflow_task_skip": null,
    "scoring_method_code": null,
    "workflow_content_id": null,
    "workflow_process_id": null,
    "accessibility_details": null,
    "assessment_program_id": 196991,
    "workflow_content_type": null,
    "workflow_graphic_path": null,
    "workflow_process_name": null,
    "assessment_program_ids": null,
    "assessment_program_code": null,
    "item_type_category_code": "simulation",
    "item_type_category_name": "Simulation",
    "workflow_content_type_id": null,
    "workflow_content_user_ids": null,
    "workflow_process_description": null
  }
}
