{
  "item": {
    "id": 3001997,
    "name": "Text Stimulus_1",
    "grade": "Grade 6",
    "status": 3000152,
    "user_id": 1,
    "version": 2,
    "grade_id": 149,
    "is_locked": false,
    "item_json": {
      "uuid": "15eece1-f372-638-d22e-ba7725dd2285",
      "source": {
        "author": null,
        "termEnd": null,
        "publisher": "Sandbox",
        "termBegin": null,
        "sourceType": "COPYRIGHT",
        "acknowledge": "<p id=\"cb-706482-8-81\">def</p>\n\n<p id=\"cb-435379-8-0\">&nbsp;</p>\n",
        "information": "<p id=\"cb-915432-2-7\">abc</p>\n"
      },
      "description": "<p id=\"cb-459726-6-4\">text</p>\n",
      "minItemWidth": 0,
      "stimulusType": "TS_ARGUMENTATIVE",
      "minItemHeight": 0,
      "passageContent": "<p id=\"cb-113739-1-82\">Stem Content</p>\n",
      "descriptionViewBy": ["TS_EDUCATOR", "TS_PROCTOR", "TS_SCORER"]
    },
    "max_score": null,
    "rationale": null,
    "description": "",
    "previous_id": null,
    "content_area": "QA",
    "created_date": "2021-12-07T12:51:23.452287+00:00",
    "created_user": "User One",
    "item_type_id": 3000113,
    "scoring_data": null,
    "content_codes": [null],
    "revision_text": "",
    "task_user_ids": null,
    "framework_type": null,
    "item_type_code": "TS",
    "item_type_name": "Text Stimulus",
    "scoring_needed": null,
    "workflow_tasks": null,
    "workflow_users": null,
    "attributes_list": [
      {
        "group_info": { "grade_id": 149, "content_area_id": 3000008 },
        "cognitive_taxonomy": null
      }
    ],
    "cluster_scoring": null,
    "content_area_id": 3000008,
    "created_user_id": 1,
    "previous_source": null,
    "testing_program": null,
    "variant_type_id": 1,
    "workflow_status": null,
    "content_code_ids": [null],
    "item_status_code": "draft",
    "item_status_name": "Draft",
    "workflow_task_id": null,
    "workflow_user_id": null,
    "framework_type_id": null,
    "is_latest_version": true,
    "readable_response": null,
    "scoring_method_id": null,
    "testing_program_id": null,
    "workflow_task_skip": null,
    "scoring_method_code": null,
    "workflow_content_id": null,
    "workflow_process_id": null,
    "accessibility_details": null,
    "assessment_program_id": 196991,
    "workflow_content_type": null,
    "workflow_graphic_path": null,
    "workflow_process_name": null,
    "assessment_program_ids": null,
    "assessment_program_code": null,
    "item_type_category_code": "stimulus",
    "item_type_category_name": "Stimulus",
    "workflow_content_type_id": null,
    "workflow_content_user_ids": null,
    "workflow_process_description": null
  }
}
