{
  "item": {
    "id": 3002022,
    "name": "MTS01",
    "grade": "Grade 1",
    "status": 3000152,
    "user_id": 2,
    "version": 1,
    "grade_id": 144,
    "is_locked": false,
    "item_json": {
      "uuid": "b4d5b23-b653-8b62-16c2-ac7f7c537547",
      "items": [
        {
          "id": "1622230-2c7f-257-6cd6-7dbd4a70d8",
          "index": 0,
          "tabTitle": "<p id=\"cb-446359-9-77\">Tab 1</p>\n",
          "tabDescription": "<p id=\"cb-603051-9-71\">Tab 1 content</p>\n"
        },
        {
          "id": "04aaca7-21f6-eca7-a46c-0e2ed68dfbf",
          "index": 1,
          "tabTitle": "<p id=\"cb-789631-4-87\">Tab 2</p>\n",
          "tabDescription": "<p id=\"cb-927135-4-42\">Tab 2 content</p>\n\n<p id=\"cb-803068-2-84\">&nbsp;</p>\n"
        }
      ],
      "title": "<p id=\"cb-458861-9-83\">MTS Title</p>\n",
      "stemContent": "<p id=\"cb-192343-7-43\">Multiple Tabs stem</p>\n",
      "itemTypeCode": "MTS",
      "minItemWidth": 0,
      "minItemHeight": 0
    },
    "max_score": null,
    "rationale": null,
    "description": "",
    "previous_id": null,
    "content_area": "QA",
    "created_date": "2021-12-08T14:36:25.353896+00:00",
    "created_user": "User Two",
    "item_type_id": 3000638,
    "scoring_data": null,
    "content_codes": [null],
    "revision_text": "",
    "task_user_ids": null,
    "framework_type": null,
    "item_type_code": "MTS",
    "item_type_name": "Multiple Tabs Simulation",
    "scoring_needed": null,
    "workflow_tasks": null,
    "workflow_users": null,
    "attributes_list": [
      {
        "group_info": { "grade_id": 144, "content_area_id": 3000008 },
        "cognitive_taxonomy": null
      }
    ],
    "cluster_scoring": null,
    "content_area_id": 3000008,
    "created_user_id": 2,
    "previous_source": null,
    "testing_program": null,
    "variant_type_id": 1,
    "workflow_status": null,
    "content_code_ids": [null],
    "item_status_code": "draft",
    "item_status_name": "Draft",
    "workflow_task_id": null,
    "workflow_user_id": null,
    "framework_type_id": null,
    "is_latest_version": true,
    "readable_response": null,
    "scoring_method_id": null,
    "testing_program_id": null,
    "workflow_task_skip": null,
    "scoring_method_code": null,
    "workflow_content_id": null,
    "workflow_process_id": null,
    "accessibility_details": null,
    "assessment_program_id": 196991,
    "workflow_content_type": null,
    "workflow_graphic_path": null,
    "workflow_process_name": null,
    "assessment_program_ids": null,
    "assessment_program_code": null,
    "item_type_category_code": "simulation",
    "item_type_category_name": "Simulation",
    "workflow_content_type_id": null,
    "workflow_content_user_ids": null,
    "workflow_process_description": null
  }
}
