{
  "item": {
    "id": 3001309,
    "name": "ObjectCanvas",
    "grade": "Grade 1",
    "status": 3000152,
    "user_id": 1002853,
    "version": 2,
    "grade_id": 144,
    "is_locked": false,
    "item_json": {
      "uuid": "d4d266-132-5dfa-b70b-c16fd8cb115d",
      "stemContent": "<p id=\"cb-894786-10-1\" style=\"font-size: 20px; font-family: Arial; color:black\">stem content</p>\n",
      "itemTypeCode": "OCS",
      "minItemWidth": 300,
      "canvasObjects": [
        {
          "x": 70,
          "y": 30,
          "id": "53cb-3a2e-e7ba-d58f-28ef25f7af6f",
          "fill": "transparent",
          "name": "square",
          "type": "Square",
          "index": 1,
          "width": 83,
          "height": 61,
          "radius": 0,
          "rotate": 0,
          "stroke": "rgba(0,0,0,1)",
          "blendMode": "normal",
          "transform": "rotate(0 111.5 60.5)",
          "strokeWidth": 1
        },
        {
          "x": 413,
          "y": 53,
          "id": "21fbab6-f41d-24be-203b-e23658f25e",
          "fill": "transparent",
          "name": "poly",
          "path": [
            {
              "x": 437.73333740234375,
              "y": 97.88330078125,
              "x1": 491.73333740234375,
              "y1": 72.88330078125
            },
            {
              "x": 413,
              "y": 53,
              "x1": null,
              "x2": 420.73333740234375,
              "y1": null,
              "y2": 81.88330078125
            }
          ],
          "type": "Polygon",
          "index": 3,
          "moveX": 413,
          "moveY": 53,
          "closed": true,
          "rotate": 0,
          "stroke": "rgba(0,0,0,1)",
          "transform": "translate (0 0) rotate(0 413 53)",
          "strokeWidth": 1
        },
        {
          "x": "322",
          "y": "100",
          "id": "7167d4f-bd74-03db-ef7e-716f176f874",
          "fill": "rgba(44, 44, 243, 0.89)",
          "name": "circle",
          "type": "Circle",
          "index": 3,
          "width": "255",
          "height": "155",
          "rotate": 0,
          "stroke": "rgba(0,0,0,1)",
          "blendMode": "normal",
          "transform": "rotate(0 127.5322 77.5100)",
          "strokeWidth": 1
        },
        {
          "x": 196,
          "y": 202,
          "id": "40db84c-d5be-a8f-050b-f7880b6b60",
          "fill": "transparent",
          "name": "circle",
          "type": "Circle",
          "index": 4,
          "width": 209,
          "height": 109,
          "rotate": 0,
          "stroke": "rgba(0,0,0,1)",
          "blendMode": "normal",
          "transform": "rotate(0 300.5 256.5)",
          "strokeWidth": 1
        },
        {
          "x": 215,
          "y": 111,
          "id": "8458d-a62e-d64d-3577-d3346dbbe0b",
          "fill": "transparent",
          "name": "circle",
          "type": "Circle",
          "index": 5,
          "width": 5,
          "height": 5,
          "rotate": 0,
          "stroke": "rgba(0,0,0,1)",
          "blendMode": "normal",
          "transform": "rotate(0 217.5 113.5)",
          "strokeWidth": 1
        }
      ],
      "minItemHeight": 300
    },
    "max_score": null,
    "rationale": null,
    "description": "",
    "previous_id": null,
    "content_area": "QA",
    "created_date": "2021-09-23T15:57:36.464133+00:00",
    "created_user": "Erin Minor",
    "item_type_id": 3000103,
    "scoring_data": null,
    "content_codes": [null],
    "revision_text": "",
    "task_user_ids": null,
    "framework_type": null,
    "item_type_code": "OCS",
    "item_type_name": "Object Canvas",
    "scoring_needed": null,
    "workflow_tasks": null,
    "workflow_users": null,
    "attributes_list": [
      {
        "group_info": { "grade_id": 144, "content_area_id": 3000008 },
        "content_area_id": 3000008
      }
    ],
    "cluster_scoring": null,
    "content_area_id": 3000008,
    "created_user_id": 1002853,
    "previous_source": null,
    "testing_program": null,
    "variant_type_id": 1,
    "workflow_status": null,
    "content_code_ids": [null],
    "item_status_code": "draft",
    "item_status_name": "Draft",
    "workflow_task_id": null,
    "workflow_user_id": null,
    "framework_type_id": null,
    "is_latest_version": true,
    "readable_response": null,
    "scoring_method_id": null,
    "testing_program_id": null,
    "workflow_task_skip": null,
    "scoring_method_code": null,
    "workflow_content_id": null,
    "workflow_process_id": null,
    "accessibility_details": null,
    "assessment_program_id": 196991,
    "workflow_content_type": null,
    "workflow_graphic_path": null,
    "workflow_process_name": null,
    "assessment_program_ids": null,
    "assessment_program_code": null,
    "item_type_category_code": "simulation",
    "item_type_category_name": "Simulation",
    "workflow_content_type_id": null,
    "workflow_content_user_ids": null,
    "workflow_process_description": null
  }
}
