{
  "item": {
    "id": 3001220,
    "name": "GearSim_82021",
    "grade": null,
    "status": 3000152,
    "user_id": 2,
    "version": 3,
    "grade_id": null,
    "is_locked": false,
    "item_json": {
      "uuid": "c3046f2-410-ec3f-e21a-58aeb05f81e",
      "gearW": ["TWELVE"],
      "gearX": ["THIRTY_SIX"],
      "gearY": ["SIXTY"],
      "gearZ": 36,
      "gearType": "COMPOUND_GEAR",
      "gearWTitle": "a",
      "gearXTitle": "b",
      "gearYTitle": "c",
      "gearZTitle": "d",
      "stemContent": "<p id=\"cb-458923-1-2\">Gears stem</p>\n",
      "itemTypeCode": "GR",
      "minItemWidth": 0,
      "minItemHeight": 0
    },
    "max_score": null,
    "rationale": null,
    "description": "",
    "previous_id": null,
    "content_area": "QA",
    "created_date": "2021-12-08T13:41:50.217604+00:00",
    "created_user": "User Two",
    "item_type_id": 3000093,
    "scoring_data": null,
    "content_codes": [null],
    "revision_text": "",
    "task_user_ids": null,
    "framework_type": null,
    "item_type_code": "GR",
    "item_type_name": "Gear Simulation",
    "scoring_needed": null,
    "workflow_tasks": null,
    "workflow_users": null,
    "attributes_list": [{ "group_info": { "content_area_id": 3000008 } }],
    "cluster_scoring": null,
    "content_area_id": 3000008,
    "created_user_id": 2,
    "previous_source": null,
    "testing_program": null,
    "variant_type_id": 1,
    "workflow_status": null,
    "content_code_ids": [null],
    "item_status_code": "draft",
    "item_status_name": "Draft",
    "workflow_task_id": null,
    "workflow_user_id": null,
    "framework_type_id": null,
    "is_latest_version": true,
    "readable_response": null,
    "scoring_method_id": null,
    "testing_program_id": null,
    "workflow_task_skip": null,
    "scoring_method_code": null,
    "workflow_content_id": null,
    "workflow_process_id": null,
    "accessibility_details": null,
    "assessment_program_id": 196991,
    "workflow_content_type": null,
    "workflow_graphic_path": null,
    "workflow_process_name": null,
    "assessment_program_ids": null,
    "assessment_program_code": null,
    "item_type_category_code": "simulation",
    "item_type_category_name": "Simulation",
    "workflow_content_type_id": null,
    "workflow_content_user_ids": null,
    "workflow_process_description": null
  }
}
