{
  "item": {
    "id": 3002013,
    "name": "DD21120834",
    "grade": "Grade 1",
    "status": 3000152,
    "user_id": 1,
    "version": 2,
    "grade_id": 144,
    "is_locked": false,
    "item_json": {
      "uuid": "a440a68-75f7-17a-7276-1d51a78603",
      "stemContent": "<p id=\"cb-584142-2-89\">The sun rises in the  <span class=\"constructedResponse-placeholder placeholder\" data=\"East\" id=\"cb-759822-3-10\" style=\"width: 4ch; text-align: center; color:black; background-color:greenyellow; border: 1px solid grey; border-radius: 5px; \">East</span>.ans it&nbsp;sets in the  <span class=\"constructedResponse-placeholder placeholder\" data=\"West\" id=\"cb-308893-9-78\" style=\"width: 4ch; text-align: center; color:black; background-color:greenyellow; border: 1px solid grey; border-radius: 5px; \">West</span></p>\n",
      "itemTypeCode": "DD",
      "minItemWidth": 0,
      "minItemHeight": 0,
      "optionList": [
        {
          "id": "cke-ead42409ce41a08d5f42e21336e2b7g82",
          "index": 0,
          "optionTags": [
            "Select",
            "want",
            "choose",
            "like",
            ""
          ],
          "defaultValue": "Select",
          "responseName": "Response a"
        },
        {
          "id": "cke-ead42409ce41a08d5f42e21336e2b7d51",
          "index": 1,
          "optionTags": [
            "Select",
            "That",
            "This",
            "Those"
          ],
          "defaultValue": "Select",
          "responseName": "Response b"
        }
      ],
      "correctResponse": [
        {
          "id": "cke-ead42409ce41a08d5f42e21336e2b7g82",
          "value": "choose"
        },
        {
          "id": "cke-ead42409ce41a08d5f42e21336e2b7d51",
          "value": "This"
        }
      ]
    },
    "max_score": 12,
    "rationale": {
      "optionList": [
        {
          "id": "cb-759822-3-10",
          "rationaleText": "<p id=\"cb-394231-0-87\">Test</p>\n"
        },
        {
          "id": "cb-308893-9-78",
          "rationaleText": "<p id=\"cb-131528-6-96\">Data</p>\n"
        }
      ]
    },
    "description": "",
    "previous_id": null,
    "content_area": "English Language Arts",
    "created_date": "2021-12-08T08:24:08.22877+00:00",
    "created_user": "User One",
    "item_type_id": 3000088,
    "scoring_data": {
      "correctResponse": {
        "score": 12,
        "responses": [
          { "index": 0, "responseid": "East" },
          { "index": 1, "responseid": "West" }
        ]
      }
    },
    "content_codes": [null],
    "revision_text": "",
    "task_user_ids": null,
    "framework_type": null,
    "item_type_code": "DD",
    "item_type_name": "Drop-down",
    "scoring_needed": true,
    "workflow_tasks": null,
    "workflow_users": null,
    "attributes_list": [
      {
        "group_info": { "grade_id": 144, "content_area_id": 85 },
        "item_usage": 3000131,
        "attributes_list": [{ "tags": ["Test"] }],
        "testing_program": [83],
        "cognitive_category": 3000137,
        "cognitive_taxonomy": 282,
        "estimate_difficulty": 386
      }
    ],
    "cluster_scoring": false,
    "content_area_id": 85,
    "created_user_id": 1,
    "previous_source": null,
    "testing_program": "Practice",
    "variant_type_id": 1,
    "workflow_status": null,
    "content_code_ids": [null],
    "item_status_code": "draft",
    "item_status_name": "Draft",
    "workflow_task_id": null,
    "workflow_user_id": null,
    "framework_type_id": null,
    "is_latest_version": true,
    "readable_response": "Dropdown1:\"East\"\n\nDropdown2:\"West\"",
    "scoring_method_id": 3000142,
    "testing_program_id": "83",
    "workflow_task_skip": null,
    "scoring_method_code": "correct_only",
    "workflow_content_id": null,
    "workflow_process_id": null,
    "accessibility_details": null,
    "assessment_program_id": 15009,
    "workflow_content_type": null,
    "workflow_graphic_path": null,
    "workflow_process_name": null,
    "assessment_program_ids": null,
    "assessment_program_code": null,
    "item_type_category_code": "question",
    "item_type_category_name": "Question",
    "workflow_content_type_id": null,
    "workflow_content_user_ids": null,
    "workflow_process_description": null
  }
}
