{
  "item": {
    "id": 3001233,
    "name": "Demo - Maze Runner",
    "grade": "Grade 3",
    "status": 3000152,
    "user_id": 1002853,
    "version": 1,
    "grade_id": 146,
    "is_locked": false,
    "item_json": {
      "uuid": "8ada216-ffb-2ace-5a40-3778103f0e60",
      "imgURL": "resources/simulation/maze/maze_5x5_A.jpg",
      "mazeType": {
        "id": 4,
        "name": "5x5 A",
        "rows": 5,
        "image": "resources/simulation/maze/maze_5x5_A.jpg",
        "start": "A",
        "columns": 5
      },
      "stemContent": "<p id=\"cb-110088-3-43\">The following simulation can be used as an aide when answering the questions. There is no scoring for the simulation.</p>\n\n<hr id=\"cb-998465-2-19\" />\n<p id=\"cb-243714-4-85\">Students in a computer science class were given an assignment to create code for a maze runner navigation that begins moving a person from a starting position in cell 2A. The simulation shows four interactions with the maze.<br />\n<br />\nSelect each interaction to view the results of the coding assignment.</p>\n",
      "interactions": [
        {
          "id": "7a72a1-6e43-2811-60-b7328440002",
          "start": "2A",
          "steps": [
            {
              "id": "7c7387-d28-1aa-383c-05520c6cf5d6",
              "distance": 1,
              "direction": "North"
            },
            {
              "id": "d5751e6-128e-cce-111-6dac4fb86b5e",
              "distance": 3,
              "direction": "East"
            },
            {
              "id": "0c54503-1d6d-afd2-c65d-3bb5115f0bb0",
              "distance": 1,
              "direction": "South"
            }
          ]
        },
        {
          "id": "8b80ddd-5dc4-1d06-280a-4c7150eccef",
          "start": "2A",
          "steps": [
            {
              "id": "162213e-e3ae-6fc-feff-78067358ecd",
              "distance": 2,
              "direction": "North"
            },
            {
              "id": "756defe-0122-2535-1ce6-274d05e5d8d",
              "distance": 1,
              "direction": "West"
            },
            {
              "id": "cf7ba-504d-dff-73a3-13e8476bb746",
              "distance": 1,
              "direction": "North"
            },
            {
              "id": "d7ae11a-2c7-46e3-f38a-4dbde43c6ef4",
              "distance": 2,
              "direction": "East"
            },
            {
              "id": "ce4033e-c515-6871-e0f-4d25075ad",
              "distance": 1,
              "direction": "South"
            }
          ]
        },
        {
          "id": "be52c67-602c-1581-b000-f24a65d0bfcf",
          "start": "2A",
          "steps": [
            {
              "id": "b6d266-efb4-e81b-1f3b-1dde6037470",
              "distance": 1,
              "direction": "North"
            },
            {
              "id": "f5bcae0-db30-2ce7-ce77-148c5015a6d1",
              "distance": 1,
              "direction": "West"
            },
            {
              "id": "aac3e13-d5b-ba7e-5571-ff226c008b2a",
              "distance": 1,
              "direction": "South"
            }
          ]
        },
        {
          "id": "4a104ad-0e6-585-1412-b2722d0ae1e7",
          "start": "2A",
          "steps": [
            {
              "id": "6e0a36-5c18-e585-230-3521cf08ef",
              "distance": 2,
              "direction": "North"
            },
            {
              "id": "b24404c-24ea-6852-bb5-e27f56f81678",
              "distance": 1,
              "direction": "West"
            },
            {
              "id": "a553ffd-2212-f17f-1db1-1a05a080b54",
              "distance": 1,
              "direction": "North"
            },
            {
              "id": "8a6e0aa-31-502a-cc08-8301ea1f83",
              "distance": 2,
              "direction": "East"
            },
            {
              "id": "25bd80-a3de-bb07-7185-e7d1f14f1d8",
              "distance": 1,
              "direction": "North"
            }
          ]
        }
      ],
      "itemTypeCode": "MR",
      "minItemWidth": 0,
      "minItemHeight": 0
    },
    "max_score": null,
    "rationale": {},
    "description": "",
    "previous_id": null,
    "content_area": "QA",
    "created_date": "2021-08-24T17:40:31.605662+00:00",
    "created_user": "Erin Minor",
    "item_type_id": 3000101,
    "scoring_data": null,
    "content_codes": ["QA.RL.3"],
    "revision_text": "",
    "task_user_ids": null,
    "framework_type": "KS-Technology",
    "item_type_code": "MR",
    "item_type_name": "Maze Runner",
    "scoring_needed": null,
    "workflow_tasks": null,
    "workflow_users": null,
    "attributes_list": [
      {
        "group_info": {
          "grade_id": 146,
          "content_area_id": 3000008,
          "framework_type_id": 3000072
        },
        "content_codes": [
          {
            "id": 3009395,
            "selection": true,
            "is_primary": true,
            "is_secondary": false
          }
        ],
        "testing_program": [83],
        "cognitive_category": 3000137,
        "cognitive_taxonomy": 282
      }
    ],
    "cluster_scoring": null,
    "content_area_id": 3000008,
    "created_user_id": 1002853,
    "previous_source": null,
    "testing_program": "Practice",
    "variant_type_id": 1,
    "workflow_status": null,
    "content_code_ids": [3009395],
    "item_status_code": "draft",
    "item_status_name": "Draft",
    "workflow_task_id": null,
    "workflow_user_id": null,
    "framework_type_id": 3000072,
    "is_latest_version": true,
    "readable_response": null,
    "scoring_method_id": null,
    "testing_program_id": "83",
    "workflow_task_skip": null,
    "scoring_method_code": null,
    "workflow_content_id": null,
    "workflow_process_id": null,
    "accessibility_details": null,
    "assessment_program_id": 196991,
    "workflow_content_type": null,
    "workflow_graphic_path": null,
    "workflow_process_name": null,
    "assessment_program_ids": null,
    "assessment_program_code": null,
    "item_type_category_code": "simulation",
    "item_type_category_name": "Simulation",
    "workflow_content_type_id": null,
    "workflow_content_user_ids": null,
    "workflow_process_description": null
  }
}
