{
    "item": {
      "id": 3001855,
      "name": "bdb item bg w image",
      "grade": "Grade 3",
      "status": 3000150,
      "user_id": 2,
      "version": 7,
      "grade_id": 146,
      "is_locked": false,
      "item_json": {
        "itemTypeCode": "BG",
        "stemContent": "<p>stem content</p>",
        "optionList": [
          {
            "optionText": "<p>item 1</p>",
            "id": "f36e2af-fd00-abf3-d4a0-e7e07716d621"
          },
          {
            "optionText": "<p>item2</p>",
            "id": "114603-71ed-cc50-3f32-38b1632ee136"
          },
          {
            "optionText": "<p>item3</p>",
            "id": "53cb43-436-eea1-22a0-3435e6ad7ac2"
          }
        ],
        "imagePanel": "https://dummyimage.com/500x400/FF0000/000",
        "matchList": [
          {
            "id": "411584a-a78c-7182-65a7-508dc7138c2",
            "coordinates": {
              "x": 10.009765625,
              "y": 17.3359375
            }
          },
          {
            "id": "6b1c035-5208-f0-b5dd-8ae47e84c24",
            "coordinates": {
              "x": 20.009765625,
              "y": 118.5859375
            }
          }
        ],
        "reusableAnswers": false,
        "invisibleDropzones": false,
        "correctResponse": [
          {
            "id": "f36e2af-fd00-abf3-d4a0-e7e07716d621",
            "values": ["411584a-a78c-7182-65a7-508dc7138c2"]
          },
          {
            "id": "114603-71ed-cc50-3f32-38b1632ee136",
            "values": ["6b1c035-5208-f0-b5dd-8ae47e84c24"]
          }
        ],
        "dropzoneWidth": "180",
        "dropzoneHeight": "60",
        "imageAlignment": "Center"
      },
      "max_score": 1,
      "rationale": {
        "optionList": [
          {
            "id": "18d477-206a-8f03-2ad0-ec3f6ce2d-1",
            "rationale_text": "<p id=\"cb-7450-0-72\">sail</p>\n"
          },
          { "id": "e4aefd-da3a-f76-26fb-d241126351b", "rationale_text": "" },
          { "id": "46be7c3-3f12-cd6c-6547-7f18cf748", "rationale_text": "" }
        ]
      },
      "description": "",
      "previous_id": null,
      "content_area": "QA",
      "created_date": "2021-11-15T04:45:41.68551+00:00",
      "created_user": "User Two",
      "item_type_id": 3000084,
      "scoring_data": {
        "correctResponse": {
          "score": 1,
          "responses": [
            {
              "id": "f36e2af-fd00-abf3-d4a0-e7e07716d621",
              "values": ["411584a-a78c-7182-65a7-508dc7138c2"]
            },
            {
              "id": "114603-71ed-cc50-3f32-38b1632ee136",
              "values": ["6b1c035-5208-f0-b5dd-8ae47e84c24"]
            }
          ]
        }
      },
      "content_codes": ["QA.RL.3"],
      "revision_text": "",
      "task_user_ids": null,
      "framework_type": "KS-Technology",
      "item_type_code": "BG",
      "item_type_name": "Background Graphic",
      "scoring_needed": true,
      "workflow_tasks": null,
      "workflow_users": null,
      "attributes_list": [
        {
          "group_info": {
            "grade_id": 146,
            "content_area_id": 3000008,
            "framework_type_id": 3000072
          },
          "item_usage": 3000132,
          "content_codes": [
            {
              "id": 3009395,
              "selection": true,
              "is_primary": true,
              "is_secondary": false
            }
          ],
          "testing_program": [80],
          "cognitive_category": 3000135,
          "cognitive_taxonomy": 282,
          "estimate_difficulty": 388
        }
      ],
      "cluster_scoring": false,
      "content_area_id": 3000008,
      "created_user_id": 2,
      "previous_source": null,
      "testing_program": "Interim",
      "variant_type_id": 1,
      "workflow_status": null,
      "content_code_ids": [3009395],
      "item_status_code": "approved",
      "item_status_name": "Approved",
      "workflow_task_id": null,
      "workflow_user_id": null,
      "framework_type_id": 3000072,
      "is_latest_version": true,
      "readable_response": "Response:1 [Media: Source:Lion-Bottom]\n\nResponse:2 [Media: Source:Lion-Middle]\n\nResponse:3 [Media: Source:Lion-Top]",
      "scoring_method_id": 3000142,
      "testing_program_id": "80",
      "workflow_task_skip": null,
      "scoring_method_code": "correct_only",
      "workflow_content_id": null,
      "workflow_process_id": null,
      "accessibility_details": null,
      "assessment_program_id": 196991,
      "workflow_content_type": null,
      "workflow_graphic_path": null,
      "workflow_process_name": null,
      "assessment_program_ids": null,
      "assessment_program_code": null,
      "item_type_category_code": "question",
      "item_type_category_name": "Question",
      "workflow_content_type_id": null,
      "workflow_content_user_ids": null,
      "workflow_process_description": null
    }
  }
  