{
  "item": {
    "id": 3002024,
    "name": "SP",
    "grade": "Grade 1",
    "status": 3000152,
    "user_id": 2,
    "version": 1,
    "grade_id": 144,
    "is_locked": false,
    "item_json": {
      "uuid": "55d8b4-33fb-80ae-0744-4724878f527",
      "width": 500,
      "height": 500,
      "showGrid": true,
      "bottomLeft": "-10,-10",
      "graphTitle": "Ice Cream Sales vs Temperature",
      "upperRight": "10,10",
      "xAxisLabel": "Temperature °C",
      "xAxisScale": 1,
      "xAxisTitle": "Temperature °C",
      "yAxisLabel": "Sales",
      "yAxisScale": 1,
      "yAxisTitle": "Sales",
      "slopeOffset": 0,
      "stemContent": "<p id=\"cb-748220-3-90\"><b id=\"cb-329258-7-31\"><em>Ice Cream Sales vs Temperature</em></b></p>\n",
      "itemTypeCode": "SP",
      "minItemWidth": 500,
      "extendedLines": false,
      "lineArrowHead": false,
      "minItemHeight": 500,
      "incrementLabel": "SELECT",
      "graphCoordinates": [
        [
          { "x": 14.2, "y": 215 },
          { "x": 16.4, "y": 425 },
          { "x": 22.5, "y": 1000 }
        ]
      ],
      "yInterceptOffset": 0,
      "lineOfBestFitPrecision": 0
    },
    "max_score": null,
    "rationale": null,
    "description": "",
    "previous_id": null,
    "content_area": "QA",
    "created_date": "2021-12-08T14:43:59.374688+00:00",
    "created_user": "User Two",
    "item_type_id": 3000390,
    "scoring_data": null,
    "content_codes": [null],
    "revision_text": "",
    "task_user_ids": null,
    "framework_type": null,
    "item_type_code": "SP",
    "item_type_name": "Scatter Plot",
    "scoring_needed": null,
    "workflow_tasks": null,
    "workflow_users": null,
    "attributes_list": [
      {
        "group_info": { "grade_id": 144, "content_area_id": 3000008 },
        "cognitive_taxonomy": null
      }
    ],
    "cluster_scoring": null,
    "content_area_id": 3000008,
    "created_user_id": 2,
    "previous_source": null,
    "testing_program": null,
    "variant_type_id": 1,
    "workflow_status": null,
    "content_code_ids": [null],
    "item_status_code": "draft",
    "item_status_name": "Draft",
    "workflow_task_id": null,
    "workflow_user_id": null,
    "framework_type_id": null,
    "is_latest_version": true,
    "readable_response": null,
    "scoring_method_id": null,
    "testing_program_id": null,
    "workflow_task_skip": null,
    "scoring_method_code": null,
    "workflow_content_id": null,
    "workflow_process_id": null,
    "accessibility_details": null,
    "assessment_program_id": 196991,
    "workflow_content_type": null,
    "workflow_graphic_path": null,
    "workflow_process_name": null,
    "assessment_program_ids": null,
    "assessment_program_code": null,
    "item_type_category_code": "simulation",
    "item_type_category_name": "Simulation",
    "workflow_content_type_id": null,
    "workflow_content_user_ids": null,
    "workflow_process_description": null
  }
}
