{
  "item": {
    "id": 3001901,
    "name": "Code",
    "grade": "Grade 5",
    "status": 3000152,
    "user_id": 1,
    "version": 1,
    "grade_id": 148,
    "is_locked": false,
    "item_json": {
      "uuid": "e0275cd-65b-bcc-b8a1-71161d800f4c",
      "theme": null,
      "language": null,
      "stemContent": "",
      "itemTypeCode": "CCOM",
      "minItemWidth": 0,
      "minItemHeight": 0
    },
    "max_score": null,
    "rationale": null,
    "description": "",
    "previous_id": null,
    "content_area": "Mathematics",
    "created_date": "2021-11-18T14:47:03.829207+00:00",
    "created_user": "User One",
    "item_type_id": 3000611,
    "scoring_data": null,
    "content_codes": [null],
    "revision_text": "",
    "task_user_ids": null,
    "framework_type": null,
    "item_type_code": "CCOM",
    "item_type_name": "Code Compiler",
    "scoring_needed": null,
    "workflow_tasks": null,
    "workflow_users": null,
    "attributes_list": [
      {
        "group_info": { "grade_id": 148, "content_area_id": 84 },
        "cognitive_taxonomy": 285
      }
    ],
    "cluster_scoring": null,
    "content_area_id": 84,
    "created_user_id": 1,
    "previous_source": null,
    "testing_program": null,
    "variant_type_id": 1,
    "workflow_status": null,
    "content_code_ids": [null],
    "item_status_code": "draft",
    "item_status_name": "Draft",
    "workflow_task_id": null,
    "workflow_user_id": null,
    "framework_type_id": null,
    "is_latest_version": true,
    "readable_response": null,
    "scoring_method_id": null,
    "testing_program_id": null,
    "workflow_task_skip": null,
    "scoring_method_code": null,
    "workflow_content_id": null,
    "workflow_process_id": null,
    "accessibility_details": null,
    "assessment_program_id": 15009,
    "workflow_content_type": null,
    "workflow_graphic_path": null,
    "workflow_process_name": null,
    "assessment_program_ids": null,
    "assessment_program_code": null,
    "item_type_category_code": "simulation",
    "item_type_category_name": "Simulation",
    "workflow_content_type_id": null,
    "workflow_content_user_ids": null,
    "workflow_process_description": null
  }
}
